protein1,protein2,combined_score
9606.ENSP00000000233,9606.ENSP00000317272,347
9606.ENSP00000001008,9606.ENSP00000354558,961
9606.ENSP00000001008,9606.ENSP00000275493,370
9606.ENSP00000001008,9606.ENSP00000362680,543
9606.ENSP00000002829,9606.ENSP00000261937,316
9606.ENSP00000002829,9606.ENSP00000282397,329
9606.ENSP00000002829,9606.ENSP00000263923,374
9606.ENSP00000002829,9606.ENSP00000350896,522
9606.ENSP00000002829,9606.ENSP00000317272,422
9606.ENSP00000003084,9606.ENSP00000499900,361
9606.ENSP00000003084,9606.ENSP00000428924,364
9606.ENSP00000003084,9606.ENSP00000269571,306
9606.ENSP00000003084,9606.ENSP00000275493,408
9606.ENSP00000003084,9606.ENSP00000354558,378
9606.ENSP00000003084,9606.ENSP00000362680,416
9606.ENSP00000003100,9606.ENSP00000393312,338
9606.ENSP00000005178,9606.ENSP00000354558,408
9606.ENSP00000005257,9606.ENSP00000346671,328
9606.ENSP00000005257,9606.ENSP00000275493,524
9606.ENSP00000005257,9606.ENSP00000354558,438
9606.ENSP00000005257,9606.ENSP00000302486,489
9606.ENSP00000005257,9606.ENSP00000269571,437
9606.ENSP00000005257,9606.ENSP00000317272,409
9606.ENSP00000005257,9606.ENSP00000263967,405
9606.ENSP00000005257,9606.ENSP00000419260,304
9606.ENSP00000005257,9606.ENSP00000362680,874
9606.ENSP00000005257,9606.ENSP00000262948,330
9606.ENSP00000005260,9606.ENSP00000393312,332
9606.ENSP00000005260,9606.ENSP00000263967,474
9606.ENSP00000005260,9606.ENSP00000275493,317
9606.ENSP00000005340,9606.ENSP00000361423,363
9606.ENSP00000005340,9606.ENSP00000346671,529
9606.ENSP00000005340,9606.ENSP00000302486,391
9606.ENSP00000005340,9606.ENSP00000362680,577
9606.ENSP00000005386,9606.ENSP00000354558,547
9606.ENSP00000005587,9606.ENSP00000477713,767
9606.ENSP00000005587,9606.ENSP00000346671,896
9606.ENSP00000005587,9606.ENSP00000362680,640
9606.ENSP00000005587,9606.ENSP00000428924,781
9606.ENSP00000006053,9606.ENSP00000275493,379
9606.ENSP00000006053,9606.ENSP00000282397,314
9606.ENSP00000006053,9606.ENSP00000269571,339
9606.ENSP00000006053,9606.ENSP00000362680,661
9606.ENSP00000006053,9606.ENSP00000263923,330
9606.ENSP00000008938,9606.ENSP00000483570,476
9606.ENSP00000009041,9606.ENSP00000269571,339
9606.ENSP00000009530,9606.ENSP00000483570,343
9606.ENSP00000009530,9606.ENSP00000317272,524
9606.ENSP00000009530,9606.ENSP00000362680,318
9606.ENSP00000009530,9606.ENSP00000373700,570
9606.ENSP00000009530,9606.ENSP00000477713,336
9606.ENSP00000009530,9606.ENSP00000275493,436
9606.ENSP00000009530,9606.ENSP00000288135,389
9606.ENSP00000009530,9606.ENSP00000499900,318
9606.ENSP00000009530,9606.ENSP00000428924,326
9606.ENSP00000009530,9606.ENSP00000257290,302
9606.ENSP00000009530,9606.ENSP00000269571,373
9606.ENSP00000011619,9606.ENSP00000317272,716
9606.ENSP00000011619,9606.ENSP00000362680,389
9606.ENSP00000011653,9606.ENSP00000477713,999
9606.ENSP00000011653,9606.ENSP00000302486,371
9606.ENSP00000011653,9606.ENSP00000275493,640
9606.ENSP00000011653,9606.ENSP00000282397,436
9606.ENSP00000011653,9606.ENSP00000354558,635
9606.ENSP00000011653,9606.ENSP00000346671,980
9606.ENSP00000011653,9606.ENSP00000261937,354
9606.ENSP00000011653,9606.ENSP00000432511,738
9606.ENSP00000011653,9606.ENSP00000288135,778
9606.ENSP00000011653,9606.ENSP00000257290,433
9606.ENSP00000011653,9606.ENSP00000428924,700
9606.ENSP00000011653,9606.ENSP00000499900,740
9606.ENSP00000011653,9606.ENSP00000361423,525
9606.ENSP00000011653,9606.ENSP00000269571,676
9606.ENSP00000011653,9606.ENSP00000419260,454
9606.ENSP00000011653,9606.ENSP00000263967,396
9606.ENSP00000011653,9606.ENSP00000483570,657
9606.ENSP00000011653,9606.ENSP00000371067,635
9606.ENSP00000011653,9606.ENSP00000317272,409
9606.ENSP00000011653,9606.ENSP00000373700,563
9606.ENSP00000011653,9606.ENSP00000261799,424
9606.ENSP00000011653,9606.ENSP00000362680,728
9606.ENSP00000011653,9606.ENSP00000263923,681
9606.ENSP00000011898,9606.ENSP00000275493,306
9606.ENSP00000013070,9606.ENSP00000231948,478
9606.ENSP00000013807,9606.ENSP00000269571,507
9606.ENSP00000013807,9606.ENSP00000275493,665
9606.ENSP00000013807,9606.ENSP00000373700,416
9606.ENSP00000013807,9606.ENSP00000263967,375
9606.ENSP00000013807,9606.ENSP00000317272,554
9606.ENSP00000014914,9606.ENSP00000275493,311
9606.ENSP00000014930,9606.ENSP00000362680,505
9606.ENSP00000017003,9606.ENSP00000275493,402
9606.ENSP00000019103,9606.ENSP00000362680,526
9606.ENSP00000020945,9606.ENSP00000261799,478
9606.ENSP00000020945,9606.ENSP00000373700,302
9606.ENSP00000020945,9606.ENSP00000263923,468
9606.ENSP00000020945,9606.ENSP00000362680,574
9606.ENSP00000020945,9606.ENSP00000317272,504
9606.ENSP00000020945,9606.ENSP00000371067,401
9606.ENSP00000020945,9606.ENSP00000393312,387
9606.ENSP00000020945,9606.ENSP00000263967,357
9606.ENSP00000020945,9606.ENSP00000269571,619
9606.ENSP00000020945,9606.ENSP00000257290,663
9606.ENSP00000020945,9606.ENSP00000361423,330
9606.ENSP00000020945,9606.ENSP00000288135,744
9606.ENSP00000020945,9606.ENSP00000282397,390
9606.ENSP00000020945,9606.ENSP00000354558,390
9606.ENSP00000020945,9606.ENSP00000275493,695
9606.ENSP00000020945,9606.ENSP00000302486,367
9606.ENSP00000020945,9606.ENSP00000346671,492
9606.ENSP00000023939,9606.ENSP00000361423,486
9606.ENSP00000025008,9606.ENSP00000263967,332
9606.ENSP00000025008,9606.ENSP00000354558,982
9606.ENSP00000025008,9606.ENSP00000275493,371
9606.ENSP00000027335,9606.ENSP00000317272,644
9606.ENSP00000027335,9606.ENSP00000393312,400
9606.ENSP00000027335,9606.ENSP00000263967,303
9606.ENSP00000027335,9606.ENSP00000350896,300
9606.ENSP00000027335,9606.ENSP00000261799,369
9606.ENSP00000027335,9606.ENSP00000362680,787
9606.ENSP00000027335,9606.ENSP00000263923,991
9606.ENSP00000027335,9606.ENSP00000275493,820
9606.ENSP00000027335,9606.ENSP00000282397,372
9606.ENSP00000027335,9606.ENSP00000354558,346
9606.ENSP00000027335,9606.ENSP00000302486,311
9606.ENSP00000027335,9606.ENSP00000346671,408
9606.ENSP00000027335,9606.ENSP00000261937,380
9606.ENSP00000027335,9606.ENSP00000257290,304
9606.ENSP00000027335,9606.ENSP00000269571,740
9606.ENSP00000027335,9606.ENSP00000288135,396
9606.ENSP00000037243,9606.ENSP00000362680,308
9606.ENSP00000037243,9606.ENSP00000261937,361
9606.ENSP00000037243,9606.ENSP00000354558,706
9606.ENSP00000037243,9606.ENSP00000275493,502
9606.ENSP00000037502,9606.ENSP00000269571,481
9606.ENSP00000043402,9606.ENSP00000269571,364
9606.ENSP00000043402,9606.ENSP00000275493,358
9606.ENSP00000044462,9606.ENSP00000361423,308
9606.ENSP00000046087,9606.ENSP00000275493,317
9606.ENSP00000046087,9606.ENSP00000269571,338
9606.ENSP00000046794,9606.ENSP00000346671,993
9606.ENSP00000046794,9606.ENSP00000477713,999
9606.ENSP00000046794,9606.ENSP00000275493,691
9606.ENSP00000046794,9606.ENSP00000432511,372
9606.ENSP00000046794,9606.ENSP00000428924,967
9606.ENSP00000046794,9606.ENSP00000419260,427
9606.ENSP00000046794,9606.ENSP00000263967,569
9606.ENSP00000046794,9606.ENSP00000483570,999
9606.ENSP00000046794,9606.ENSP00000371067,300
9606.ENSP00000046794,9606.ENSP00000362680,969
9606.ENSP00000052754,9606.ENSP00000269571,958
9606.ENSP00000052754,9606.ENSP00000257290,826
9606.ENSP00000052754,9606.ENSP00000275493,999
9606.ENSP00000052754,9606.ENSP00000261799,520
9606.ENSP00000052754,9606.ENSP00000263923,931
9606.ENSP00000052754,9606.ENSP00000362680,305
9606.ENSP00000052754,9606.ENSP00000317272,986
9606.ENSP00000053243,9606.ENSP00000483570,381
9606.ENSP00000053243,9606.ENSP00000477713,343
9606.ENSP00000053243,9606.ENSP00000269571,354
9606.ENSP00000053867,9606.ENSP00000275493,552
9606.ENSP00000054666,9606.ENSP00000263967,461
9606.ENSP00000054666,9606.ENSP00000477713,472
9606.ENSP00000054666,9606.ENSP00000275493,581
9606.ENSP00000054668,9606.ENSP00000483570,513
9606.ENSP00000056217,9606.ENSP00000275493,469
9606.ENSP00000064724,9606.ENSP00000257290,400
9606.ENSP00000064724,9606.ENSP00000350896,356
9606.ENSP00000070846,9606.ENSP00000275493,371
9606.ENSP00000072644,9606.ENSP00000354558,514
9606.ENSP00000074304,9606.ENSP00000263967,349
9606.ENSP00000075120,9606.ENSP00000275493,354
9606.ENSP00000075120,9606.ENSP00000354558,452
9606.ENSP00000075120,9606.ENSP00000362680,472
9606.ENSP00000075503,9606.ENSP00000269571,648
9606.ENSP00000078429,9606.ENSP00000263923,496
9606.ENSP00000078429,9606.ENSP00000362680,713
9606.ENSP00000078429,9606.ENSP00000373700,583
9606.ENSP00000078429,9606.ENSP00000262948,472
9606.ENSP00000078429,9606.ENSP00000483570,572
9606.ENSP00000078429,9606.ENSP00000371067,479
9606.ENSP00000078429,9606.ENSP00000263967,797
9606.ENSP00000078429,9606.ENSP00000393312,563
9606.ENSP00000078429,9606.ENSP00000269571,542
9606.ENSP00000078429,9606.ENSP00000257290,592
9606.ENSP00000078429,9606.ENSP00000361423,526
9606.ENSP00000078429,9606.ENSP00000288135,806
9606.ENSP00000078429,9606.ENSP00000432511,577
9606.ENSP00000078429,9606.ENSP00000275493,524
9606.ENSP00000078429,9606.ENSP00000302486,521
9606.ENSP00000078445,9606.ENSP00000263923,315
9606.ENSP00000078445,9606.ENSP00000477713,347
9606.ENSP00000078445,9606.ENSP00000346671,362
9606.ENSP00000080059,9606.ENSP00000261799,338
9606.ENSP00000080059,9606.ENSP00000275493,711
9606.ENSP00000085219,9606.ENSP00000346671,386
9606.ENSP00000085219,9606.ENSP00000477713,464
9606.ENSP00000085219,9606.ENSP00000275493,379
9606.ENSP00000085219,9606.ENSP00000288135,548
9606.ENSP00000085219,9606.ENSP00000432511,354
9606.ENSP00000085219,9606.ENSP00000269571,507
9606.ENSP00000085219,9606.ENSP00000428924,970
9606.ENSP00000085219,9606.ENSP00000499900,325
9606.ENSP00000085219,9606.ENSP00000361423,572
9606.ENSP00000085219,9606.ENSP00000483570,709
9606.ENSP00000085219,9606.ENSP00000371067,349
9606.ENSP00000085219,9606.ENSP00000263923,354
9606.ENSP00000085219,9606.ENSP00000362680,477
9606.ENSP00000155926,9606.ENSP00000302486,592
9606.ENSP00000158762,9606.ENSP00000477713,309
9606.ENSP00000159060,9606.ENSP00000362680,341
9606.ENSP00000160262,9606.ENSP00000477713,329
9606.ENSP00000160373,9606.ENSP00000317272,556
9606.ENSP00000161559,9606.ENSP00000362680,384
9606.ENSP00000161559,9606.ENSP00000275493,561
9606.ENSP00000161559,9606.ENSP00000477713,379
9606.ENSP00000161559,9606.ENSP00000346671,346
9606.ENSP00000162749,9606.ENSP00000362680,934
9606.ENSP00000162749,9606.ENSP00000263923,587
9606.ENSP00000162749,9606.ENSP00000371067,702
9606.ENSP00000162749,9606.ENSP00000393312,474
9606.ENSP00000162749,9606.ENSP00000263967,645
9606.ENSP00000162749,9606.ENSP00000257290,483
9606.ENSP00000162749,9606.ENSP00000428924,333
9606.ENSP00000162749,9606.ENSP00000499900,704
9606.ENSP00000162749,9606.ENSP00000269571,339
9606.ENSP00000162749,9606.ENSP00000432511,324
9606.ENSP00000162749,9606.ENSP00000275493,864
9606.ENSP00000162749,9606.ENSP00000282397,319
9606.ENSP00000162749,9606.ENSP00000354558,370
9606.ENSP00000162749,9606.ENSP00000477713,467
9606.ENSP00000162749,9606.ENSP00000302486,318
9606.ENSP00000162749,9606.ENSP00000346671,508
9606.ENSP00000164024,9606.ENSP00000275493,400
9606.ENSP00000164133,9606.ENSP00000477713,533
9606.ENSP00000164133,9606.ENSP00000275493,423
9606.ENSP00000164133,9606.ENSP00000346671,532
9606.ENSP00000164133,9606.ENSP00000428924,532
9606.ENSP00000164133,9606.ENSP00000362680,583
9606.ENSP00000164139,9606.ENSP00000275493,427
9606.ENSP00000164227,9606.ENSP00000362680,328
9606.ENSP00000164227,9606.ENSP00000371067,326
9606.ENSP00000164227,9606.ENSP00000499900,334
9606.ENSP00000164227,9606.ENSP00000269571,523
9606.ENSP00000164227,9606.ENSP00000477713,442
9606.ENSP00000164227,9606.ENSP00000346671,602
9606.ENSP00000165524,9606.ENSP00000477713,583
9606.ENSP00000165524,9606.ENSP00000346671,373
9606.ENSP00000166244,9606.ENSP00000419260,415
9606.ENSP00000166244,9606.ENSP00000350896,716
9606.ENSP00000166244,9606.ENSP00000477713,401
9606.ENSP00000166244,9606.ENSP00000346671,320
9606.ENSP00000166244,9606.ENSP00000428924,408
9606.ENSP00000166244,9606.ENSP00000361423,940
9606.ENSP00000167106,9606.ENSP00000263923,358
9606.ENSP00000167586,9606.ENSP00000269571,654
9606.ENSP00000167586,9606.ENSP00000257290,335
9606.ENSP00000167586,9606.ENSP00000288135,505
9606.ENSP00000167586,9606.ENSP00000346671,432
9606.ENSP00000167586,9606.ENSP00000275493,696
9606.ENSP00000167586,9606.ENSP00000362680,305
9606.ENSP00000167586,9606.ENSP00000263967,312
9606.ENSP00000167588,9606.ENSP00000263967,418
9606.ENSP00000167588,9606.ENSP00000373700,554
9606.ENSP00000167588,9606.ENSP00000275493,590
9606.ENSP00000167588,9606.ENSP00000269571,665
9606.ENSP00000167588,9606.ENSP00000288135,608
9606.ENSP00000168712,9606.ENSP00000393312,999
9606.ENSP00000168712,9606.ENSP00000263967,605
9606.ENSP00000168712,9606.ENSP00000371067,347
9606.ENSP00000168712,9606.ENSP00000317272,864
9606.ENSP00000168712,9606.ENSP00000373700,343
9606.ENSP00000168712,9606.ENSP00000261799,893
9606.ENSP00000168712,9606.ENSP00000362680,526
9606.ENSP00000168712,9606.ENSP00000263923,932
9606.ENSP00000168712,9606.ENSP00000302486,415
9606.ENSP00000168712,9606.ENSP00000275493,922
9606.ENSP00000168712,9606.ENSP00000354558,490
9606.ENSP00000168712,9606.ENSP00000282397,874
9606.ENSP00000168712,9606.ENSP00000261937,910
9606.ENSP00000168712,9606.ENSP00000288135,858
9606.ENSP00000168712,9606.ENSP00000257290,877
9606.ENSP00000168712,9606.ENSP00000269571,828
9606.ENSP00000169298,9606.ENSP00000275493,300
9606.ENSP00000171757,9606.ENSP00000483570,614
9606.ENSP00000171887,9606.ENSP00000362680,783
9606.ENSP00000171887,9606.ENSP00000317272,301
9606.ENSP00000171887,9606.ENSP00000269571,346
9606.ENSP00000171887,9606.ENSP00000275493,621
9606.ENSP00000171887,9606.ENSP00000354558,332
9606.ENSP00000172229,9606.ENSP00000257290,477
9606.ENSP00000172229,9606.ENSP00000362680,368
9606.ENSP00000172229,9606.ENSP00000263923,387
9606.ENSP00000172229,9606.ENSP00000269571,573
9606.ENSP00000172229,9606.ENSP00000288135,481
9606.ENSP00000172229,9606.ENSP00000261799,520
9606.ENSP00000172229,9606.ENSP00000275493,659
9606.ENSP00000172229,9606.ENSP00000282397,534
9606.ENSP00000172229,9606.ENSP00000317272,339
9606.ENSP00000172229,9606.ENSP00000263967,912
9606.ENSP00000172229,9606.ENSP00000393312,327
9606.ENSP00000173229,9606.ENSP00000302486,440
9606.ENSP00000173229,9606.ENSP00000346671,810
9606.ENSP00000173229,9606.ENSP00000288135,392
9606.ENSP00000173229,9606.ENSP00000257290,321
9606.ENSP00000173229,9606.ENSP00000262948,439
9606.ENSP00000173229,9606.ENSP00000362680,750
9606.ENSP00000173229,9606.ENSP00000263923,316
9606.ENSP00000175756,9606.ENSP00000362680,323
9606.ENSP00000175756,9606.ENSP00000275493,841
9606.ENSP00000175756,9606.ENSP00000269571,799
9606.ENSP00000175756,9606.ENSP00000428924,318
9606.ENSP00000176183,9606.ENSP00000362680,559
9606.ENSP00000176195,9606.ENSP00000362680,592
9606.ENSP00000176763,9606.ENSP00000269571,396
9606.ENSP00000177694,9606.ENSP00000346671,373
9606.ENSP00000177694,9606.ENSP00000477713,600
9606.ENSP00000177694,9606.ENSP00000354558,434
9606.ENSP00000177694,9606.ENSP00000288135,454
9606.ENSP00000177694,9606.ENSP00000432511,443
9606.ENSP00000177694,9606.ENSP00000499900,478
9606.ENSP00000177694,9606.ENSP00000371067,422
9606.ENSP00000177694,9606.ENSP00000483570,314
9606.ENSP00000178638,9606.ENSP00000275493,324
9606.ENSP00000178638,9606.ENSP00000269571,314
9606.ENSP00000178640,9606.ENSP00000317272,340
9606.ENSP00000178640,9606.ENSP00000362680,542
9606.ENSP00000178640,9606.ENSP00000373700,476
9606.ENSP00000178640,9606.ENSP00000269571,327
9606.ENSP00000178640,9606.ENSP00000257290,533
9606.ENSP00000179259,9606.ENSP00000354558,373
9606.ENSP00000180166,9606.ENSP00000282397,873
9606.ENSP00000180166,9606.ENSP00000354558,491
9606.ENSP00000180166,9606.ENSP00000275493,927
9606.ENSP00000180166,9606.ENSP00000302486,388
9606.ENSP00000180166,9606.ENSP00000269571,828
9606.ENSP00000180166,9606.ENSP00000257290,855
9606.ENSP00000180166,9606.ENSP00000288135,850
9606.ENSP00000180166,9606.ENSP00000261937,910
9606.ENSP00000180166,9606.ENSP00000317272,865
9606.ENSP00000180166,9606.ENSP00000371067,333
9606.ENSP00000180166,9606.ENSP00000263967,557
9606.ENSP00000180166,9606.ENSP00000393312,999
9606.ENSP00000180166,9606.ENSP00000263923,928
9606.ENSP00000180166,9606.ENSP00000362680,530
9606.ENSP00000180166,9606.ENSP00000261799,893
9606.ENSP00000180166,9606.ENSP00000373700,339
9606.ENSP00000182290,9606.ENSP00000428924,413
9606.ENSP00000184956,9606.ENSP00000269571,605
9606.ENSP00000188790,9606.ENSP00000275493,310
9606.ENSP00000188790,9606.ENSP00000257290,423
9606.ENSP00000188790,9606.ENSP00000261799,522
9606.ENSP00000198767,9606.ENSP00000354558,329
9606.ENSP00000199389,9606.ENSP00000354558,452
9606.ENSP00000199448,9606.ENSP00000282397,370
9606.ENSP00000199764,9606.ENSP00000362680,360
9606.ENSP00000199764,9606.ENSP00000288135,383
9606.ENSP00000199764,9606.ENSP00000361423,335
9606.ENSP00000199764,9606.ENSP00000428924,473
9606.ENSP00000199764,9606.ENSP00000269571,340
9606.ENSP00000200181,9606.ENSP00000428924,441
9606.ENSP00000200181,9606.ENSP00000269571,944
9606.ENSP00000200181,9606.ENSP00000275493,776
9606.ENSP00000200181,9606.ENSP00000362680,948
9606.ENSP00000200181,9606.ENSP00000317272,423
9606.ENSP00000200453,9606.ENSP00000428924,328
9606.ENSP00000200457,9606.ENSP00000362680,510
9606.ENSP00000201031,9606.ENSP00000275493,820
9606.ENSP00000201031,9606.ENSP00000269571,667
9606.ENSP00000201031,9606.ENSP00000288135,367
9606.ENSP00000201647,9606.ENSP00000275493,379
9606.ENSP00000201979,9606.ENSP00000362680,322
9606.ENSP00000201979,9606.ENSP00000261799,335
9606.ENSP00000201979,9606.ENSP00000317272,424
9606.ENSP00000201979,9606.ENSP00000371067,417
9606.ENSP00000201979,9606.ENSP00000263967,388
9606.ENSP00000201979,9606.ENSP00000419260,384
9606.ENSP00000201979,9606.ENSP00000269571,371
9606.ENSP00000201979,9606.ENSP00000432511,301
9606.ENSP00000201979,9606.ENSP00000346671,362
9606.ENSP00000201979,9606.ENSP00000354558,353
9606.ENSP00000201979,9606.ENSP00000275493,396
9606.ENSP00000201979,9606.ENSP00000302486,407
9606.ENSP00000202556,9606.ENSP00000269571,313
9606.ENSP00000202967,9606.ENSP00000354558,421
9606.ENSP00000203629,9606.ENSP00000371067,408
9606.ENSP00000203629,9606.ENSP00000483570,337
9606.ENSP00000203629,9606.ENSP00000317272,316
9606.ENSP00000203629,9606.ENSP00000373700,352
9606.ENSP00000203629,9606.ENSP00000362680,324
9606.ENSP00000203629,9606.ENSP00000263923,347
9606.ENSP00000203629,9606.ENSP00000477713,553
9606.ENSP00000203629,9606.ENSP00000275493,520
9606.ENSP00000203629,9606.ENSP00000354558,341
9606.ENSP00000203629,9606.ENSP00000432511,311
9606.ENSP00000203629,9606.ENSP00000288135,302
9606.ENSP00000203629,9606.ENSP00000499900,408
9606.ENSP00000203629,9606.ENSP00000269571,521
9606.ENSP00000204566,9606.ENSP00000477713,498
9606.ENSP00000204604,9606.ENSP00000393312,321
9606.ENSP00000204961,9606.ENSP00000393312,417
9606.ENSP00000204961,9606.ENSP00000275493,459
9606.ENSP00000204961,9606.ENSP00000346671,665
9606.ENSP00000204961,9606.ENSP00000350896,999
9606.ENSP00000204961,9606.ENSP00000269571,490
9606.ENSP00000204961,9606.ENSP00000362680,806
9606.ENSP00000205143,9606.ENSP00000269571,345
9606.ENSP00000205143,9606.ENSP00000257290,316
9606.ENSP00000205143,9606.ENSP00000275493,405
9606.ENSP00000205636,9606.ENSP00000499900,301
9606.ENSP00000206262,9606.ENSP00000362680,335
9606.ENSP00000206513,9606.ENSP00000361423,341
9606.ENSP00000206513,9606.ENSP00000288135,351
9606.ENSP00000209728,9606.ENSP00000269571,319
9606.ENSP00000210060,9606.ENSP00000361423,459
9606.ENSP00000210633,9606.ENSP00000317272,301
9606.ENSP00000211287,9606.ENSP00000262948,947
9606.ENSP00000211287,9606.ENSP00000263923,560
9606.ENSP00000211287,9606.ENSP00000362680,742
9606.ENSP00000211287,9606.ENSP00000302486,954
9606.ENSP00000211287,9606.ENSP00000354558,462
9606.ENSP00000211287,9606.ENSP00000346671,596
9606.ENSP00000211998,9606.ENSP00000428924,318
9606.ENSP00000211998,9606.ENSP00000361423,538
9606.ENSP00000211998,9606.ENSP00000269571,444
9606.ENSP00000211998,9606.ENSP00000346671,444
9606.ENSP00000211998,9606.ENSP00000275493,587
9606.ENSP00000211998,9606.ENSP00000354558,356
9606.ENSP00000211998,9606.ENSP00000302486,720
9606.ENSP00000211998,9606.ENSP00000362680,997
9606.ENSP00000211998,9606.ENSP00000263923,519
9606.ENSP00000211998,9606.ENSP00000373700,595
9606.ENSP00000211998,9606.ENSP00000261799,578
9606.ENSP00000211998,9606.ENSP00000262948,589
9606.ENSP00000211998,9606.ENSP00000317272,335
9606.ENSP00000212015,9606.ENSP00000275493,498
9606.ENSP00000212015,9606.ENSP00000354558,937
9606.ENSP00000212015,9606.ENSP00000302486,416
9606.ENSP00000212015,9606.ENSP00000361423,378
9606.ENSP00000212015,9606.ENSP00000499900,465
9606.ENSP00000212015,9606.ENSP00000269571,386
9606.ENSP00000212015,9606.ENSP00000288135,317
9606.ENSP00000212015,9606.ENSP00000371067,436
9606.ENSP00000212015,9606.ENSP00000317272,352
9606.ENSP00000212015,9606.ENSP00000419260,344
9606.ENSP00000212015,9606.ENSP00000263967,480
9606.ENSP00000212015,9606.ENSP00000362680,454
9606.ENSP00000212015,9606.ENSP00000263923,524
9606.ENSP00000212355,9606.ENSP00000275493,530
9606.ENSP00000212355,9606.ENSP00000257290,307
9606.ENSP00000212355,9606.ENSP00000393312,453
9606.ENSP00000212355,9606.ENSP00000261799,427
9606.ENSP00000215368,9606.ENSP00000261937,706
9606.ENSP00000215368,9606.ENSP00000350896,884
9606.ENSP00000215368,9606.ENSP00000261799,720
9606.ENSP00000215368,9606.ENSP00000288135,714
9606.ENSP00000215368,9606.ENSP00000361423,300
9606.ENSP00000215368,9606.ENSP00000362680,444
9606.ENSP00000215368,9606.ENSP00000257290,680
9606.ENSP00000215368,9606.ENSP00000269571,740
9606.ENSP00000215368,9606.ENSP00000263923,716
9606.ENSP00000215368,9606.ENSP00000393312,708
9606.ENSP00000215368,9606.ENSP00000275493,832
9606.ENSP00000215368,9606.ENSP00000317272,755
9606.ENSP00000215368,9606.ENSP00000282397,690
9606.ENSP00000215368,9606.ENSP00000346671,930
9606.ENSP00000215375,9606.ENSP00000262948,393
9606.ENSP00000215530,9606.ENSP00000288135,848
9606.ENSP00000215530,9606.ENSP00000257290,858
9606.ENSP00000215530,9606.ENSP00000269571,824
9606.ENSP00000215530,9606.ENSP00000261937,915
9606.ENSP00000215530,9606.ENSP00000302486,389
9606.ENSP00000215530,9606.ENSP00000275493,926
9606.ENSP00000215530,9606.ENSP00000282397,877
9606.ENSP00000215530,9606.ENSP00000354558,491
9606.ENSP00000215530,9606.ENSP00000362680,549
9606.ENSP00000215530,9606.ENSP00000263923,930
9606.ENSP00000215530,9606.ENSP00000373700,342
9606.ENSP00000215530,9606.ENSP00000261799,894
9606.ENSP00000215530,9606.ENSP00000263967,552
9606.ENSP00000215530,9606.ENSP00000393312,999
9606.ENSP00000215530,9606.ENSP00000371067,355
9606.ENSP00000215530,9606.ENSP00000317272,865
9606.ENSP00000215567,9606.ENSP00000275493,420
9606.ENSP00000215570,9606.ENSP00000483570,436
9606.ENSP00000215574,9606.ENSP00000275493,384
9606.ENSP00000215574,9606.ENSP00000262948,398
9606.ENSP00000215659,9606.ENSP00000361423,601
9606.ENSP00000215659,9606.ENSP00000354558,640
9606.ENSP00000215659,9606.ENSP00000302486,954
9606.ENSP00000215659,9606.ENSP00000346671,597
9606.ENSP00000215659,9606.ENSP00000262948,949
9606.ENSP00000215659,9606.ENSP00000362680,743
9606.ENSP00000215659,9606.ENSP00000263923,565
9606.ENSP00000215730,9606.ENSP00000354558,412
9606.ENSP00000215743,9606.ENSP00000269571,449
9606.ENSP00000215754,9606.ENSP00000362680,306
9606.ENSP00000215754,9606.ENSP00000275493,511
9606.ENSP00000215781,9606.ENSP00000354558,302
9606.ENSP00000215781,9606.ENSP00000371067,919
9606.ENSP00000215781,9606.ENSP00000275493,753
9606.ENSP00000215781,9606.ENSP00000261799,721
9606.ENSP00000215781,9606.ENSP00000362680,371
9606.ENSP00000215781,9606.ENSP00000499900,907
9606.ENSP00000215781,9606.ENSP00000257290,741
9606.ENSP00000215781,9606.ENSP00000288135,313
9606.ENSP00000215781,9606.ENSP00000432511,859
9606.ENSP00000215793,9606.ENSP00000428924,368
9606.ENSP00000215794,9606.ENSP00000371067,356
9606.ENSP00000215794,9606.ENSP00000499900,858
9606.ENSP00000215832,9606.ENSP00000275493,612
9606.ENSP00000215832,9606.ENSP00000282397,462
9606.ENSP00000215832,9606.ENSP00000354558,678
9606.ENSP00000215832,9606.ENSP00000477713,624
9606.ENSP00000215832,9606.ENSP00000302486,999
9606.ENSP00000215832,9606.ENSP00000346671,526
9606.ENSP00000215832,9606.ENSP00000428924,829
9606.ENSP00000215832,9606.ENSP00000499900,745
9606.ENSP00000215832,9606.ENSP00000361423,724
9606.ENSP00000215832,9606.ENSP00000269571,336
9606.ENSP00000215832,9606.ENSP00000371067,794
9606.ENSP00000215832,9606.ENSP00000263967,822
9606.ENSP00000215832,9606.ENSP00000393312,496
9606.ENSP00000215832,9606.ENSP00000419260,439
9606.ENSP00000215832,9606.ENSP00000373700,472
9606.ENSP00000215832,9606.ENSP00000261799,304
9606.ENSP00000215832,9606.ENSP00000262948,999
9606.ENSP00000215832,9606.ENSP00000362680,932
9606.ENSP00000215832,9606.ENSP00000263923,404
9606.ENSP00000215855,9606.ENSP00000317272,316
9606.ENSP00000215855,9606.ENSP00000354558,457
9606.ENSP00000215909,9606.ENSP00000282397,394
9606.ENSP00000215909,9606.ENSP00000275493,547
9606.ENSP00000215909,9606.ENSP00000263923,454
9606.ENSP00000215912,9606.ENSP00000263967,535
9606.ENSP00000215941,9606.ENSP00000483570,510
9606.ENSP00000215941,9606.ENSP00000275493,350
9606.ENSP00000215941,9606.ENSP00000361423,420
9606.ENSP00000215941,9606.ENSP00000428924,548
9606.ENSP00000216027,9606.ENSP00000262948,314
9606.ENSP00000216027,9606.ENSP00000302486,312
9606.ENSP00000216037,9606.ENSP00000362680,325
9606.ENSP00000216037,9606.ENSP00000483570,307
9606.ENSP00000216037,9606.ENSP00000269571,375
9606.ENSP00000216037,9606.ENSP00000354558,551
9606.ENSP00000216037,9606.ENSP00000275493,369
9606.ENSP00000216038,9606.ENSP00000231948,306
9606.ENSP00000216039,9606.ENSP00000371067,303
9606.ENSP00000216099,9606.ENSP00000483570,383
9606.ENSP00000216101,9606.ENSP00000317272,316
9606.ENSP00000216115,9606.ENSP00000371067,457
9606.ENSP00000216117,9606.ENSP00000371067,430
9606.ENSP00000216117,9606.ENSP00000263923,405
9606.ENSP00000216117,9606.ENSP00000362680,456
9606.ENSP00000216117,9606.ENSP00000346671,327
9606.ENSP00000216117,9606.ENSP00000302486,333
9606.ENSP00000216117,9606.ENSP00000282397,328
9606.ENSP00000216117,9606.ENSP00000354558,527
9606.ENSP00000216117,9606.ENSP00000275493,419
9606.ENSP00000216117,9606.ENSP00000288135,515
9606.ENSP00000216117,9606.ENSP00000269571,310
9606.ENSP00000216121,9606.ENSP00000275493,317
9606.ENSP00000216122,9606.ENSP00000354558,313
9606.ENSP00000216127,9606.ENSP00000263967,558
9606.ENSP00000216127,9606.ENSP00000317272,316
9606.ENSP00000216127,9606.ENSP00000354558,394
9606.ENSP00000216160,9606.ENSP00000361423,368
9606.ENSP00000216160,9606.ENSP00000302486,366
9606.ENSP00000216160,9606.ENSP00000275493,809
9606.ENSP00000216160,9606.ENSP00000362680,619
9606.ENSP00000216160,9606.ENSP00000262948,300
9606.ENSP00000216181,9606.ENSP00000428924,359
9606.ENSP00000216181,9606.ENSP00000346671,329
9606.ENSP00000216181,9606.ENSP00000275493,457
9606.ENSP00000216181,9606.ENSP00000362680,646
9606.ENSP00000216181,9606.ENSP00000373700,502
9606.ENSP00000216181,9606.ENSP00000419260,413
9606.ENSP00000216190,9606.ENSP00000354558,317
9606.ENSP00000216200,9606.ENSP00000275493,469
9606.ENSP00000216223,9606.ENSP00000346671,408
9606.ENSP00000216223,9606.ENSP00000477713,874
9606.ENSP00000216223,9606.ENSP00000263967,461
9606.ENSP00000216223,9606.ENSP00000371067,937
9606.ENSP00000216223,9606.ENSP00000288135,452
9606.ENSP00000216223,9606.ENSP00000432511,980
9606.ENSP00000216223,9606.ENSP00000428924,502
9606.ENSP00000216223,9606.ENSP00000499900,998
9606.ENSP00000216225,9606.ENSP00000346671,333
9606.ENSP00000216225,9606.ENSP00000231948,999
9606.ENSP00000216225,9606.ENSP00000371067,596
9606.ENSP00000216254,9606.ENSP00000354558,313
9606.ENSP00000216254,9606.ENSP00000263923,364
9606.ENSP00000216264,9606.ENSP00000477713,372
9606.ENSP00000216264,9606.ENSP00000346671,419
9606.ENSP00000216274,9606.ENSP00000354558,335
9606.ENSP00000216286,9606.ENSP00000261799,421
9606.ENSP00000216286,9606.ENSP00000257290,336
9606.ENSP00000216330,9606.ENSP00000393312,471
9606.ENSP00000216330,9606.ENSP00000354558,951
9606.ENSP00000216336,9606.ENSP00000288135,366
9606.ENSP00000216338,9606.ENSP00000477713,377
9606.ENSP00000216338,9606.ENSP00000361423,429
9606.ENSP00000216341,9606.ENSP00000261799,468
9606.ENSP00000216341,9606.ENSP00000373700,451
9606.ENSP00000216341,9606.ENSP00000362680,612
9606.ENSP00000216341,9606.ENSP00000317272,319
9606.ENSP00000216341,9606.ENSP00000483570,342
9606.ENSP00000216341,9606.ENSP00000371067,405
9606.ENSP00000216341,9606.ENSP00000288135,413
9606.ENSP00000216341,9606.ENSP00000432511,473
9606.ENSP00000216341,9606.ENSP00000269571,479
9606.ENSP00000216341,9606.ENSP00000257290,476
9606.ENSP00000216341,9606.ENSP00000428924,674
9606.ENSP00000216341,9606.ENSP00000361423,307
9606.ENSP00000216341,9606.ENSP00000499900,452
9606.ENSP00000216341,9606.ENSP00000477713,738
9606.ENSP00000216341,9606.ENSP00000354558,376
9606.ENSP00000216341,9606.ENSP00000275493,653
9606.ENSP00000216341,9606.ENSP00000346671,377
9606.ENSP00000216373,9606.ENSP00000393312,937
9606.ENSP00000216373,9606.ENSP00000263967,860
9606.ENSP00000216373,9606.ENSP00000419260,318
9606.ENSP00000216373,9606.ENSP00000317272,355
9606.ENSP00000216373,9606.ENSP00000371067,523
9606.ENSP00000216373,9606.ENSP00000262948,535
9606.ENSP00000216373,9606.ENSP00000261799,925
9606.ENSP00000216373,9606.ENSP00000373700,370
9606.ENSP00000216373,9606.ENSP00000362680,786
9606.ENSP00000216373,9606.ENSP00000302486,651
9606.ENSP00000216373,9606.ENSP00000477713,737
9606.ENSP00000216373,9606.ENSP00000354558,480
9606.ENSP00000216373,9606.ENSP00000275493,998
9606.ENSP00000216373,9606.ENSP00000346671,482
9606.ENSP00000216373,9606.ENSP00000432511,596
9606.ENSP00000216373,9606.ENSP00000269571,649
9606.ENSP00000216373,9606.ENSP00000361423,625
9606.ENSP00000216373,9606.ENSP00000499900,642
9606.ENSP00000216373,9606.ENSP00000428924,564
9606.ENSP00000216373,9606.ENSP00000257290,920
9606.ENSP00000216420,9606.ENSP00000275493,315
9606.ENSP00000216442,9606.ENSP00000354558,535
9606.ENSP00000216442,9606.ENSP00000275493,674
9606.ENSP00000216446,9606.ENSP00000362680,868
9606.ENSP00000216446,9606.ENSP00000263967,588
9606.ENSP00000216446,9606.ENSP00000419260,726
9606.ENSP00000216446,9606.ENSP00000483570,868
9606.ENSP00000216446,9606.ENSP00000371067,322
9606.ENSP00000216446,9606.ENSP00000428924,480
9606.ENSP00000216446,9606.ENSP00000361423,357
9606.ENSP00000216446,9606.ENSP00000269571,380
9606.ENSP00000216446,9606.ENSP00000346671,621
9606.ENSP00000216446,9606.ENSP00000477713,569
9606.ENSP00000216446,9606.ENSP00000302486,311
9606.ENSP00000216446,9606.ENSP00000275493,623
9606.ENSP00000216446,9606.ENSP00000354558,606
9606.ENSP00000216479,9606.ENSP00000362680,307
9606.ENSP00000216479,9606.ENSP00000231948,374
9606.ENSP00000216479,9606.ENSP00000269571,331
9606.ENSP00000216479,9606.ENSP00000275493,318
9606.ENSP00000216484,9606.ENSP00000354558,314
9606.ENSP00000216487,9606.ENSP00000269571,420
9606.ENSP00000216492,9606.ENSP00000354558,311
9606.ENSP00000216492,9606.ENSP00000275493,403
9606.ENSP00000216492,9606.ENSP00000373700,336
9606.ENSP00000216492,9606.ENSP00000288135,579
9606.ENSP00000216492,9606.ENSP00000269571,394
9606.ENSP00000216540,9606.ENSP00000275493,853
9606.ENSP00000216554,9606.ENSP00000354558,512
9606.ENSP00000216629,9606.ENSP00000362680,534
9606.ENSP00000216629,9606.ENSP00000483570,512
9606.ENSP00000216714,9606.ENSP00000275493,345
9606.ENSP00000216714,9606.ENSP00000361423,451
9606.ENSP00000216733,9606.ENSP00000346671,830
9606.ENSP00000216733,9606.ENSP00000362680,522
9606.ENSP00000216797,9606.ENSP00000477713,425
9606.ENSP00000216797,9606.ENSP00000302486,527
9606.ENSP00000216797,9606.ENSP00000275493,688
9606.ENSP00000216797,9606.ENSP00000354558,647
9606.ENSP00000216797,9606.ENSP00000346671,554
9606.ENSP00000216797,9606.ENSP00000432511,377
9606.ENSP00000216797,9606.ENSP00000288135,315
9606.ENSP00000216797,9606.ENSP00000428924,465
9606.ENSP00000216797,9606.ENSP00000499900,502
9606.ENSP00000216797,9606.ENSP00000361423,569
9606.ENSP00000216797,9606.ENSP00000269571,413
9606.ENSP00000216797,9606.ENSP00000263967,344
9606.ENSP00000216797,9606.ENSP00000483570,630
9606.ENSP00000216797,9606.ENSP00000371067,570
9606.ENSP00000216797,9606.ENSP00000317272,309
9606.ENSP00000216797,9606.ENSP00000261799,518
9606.ENSP00000216797,9606.ENSP00000362680,797
9606.ENSP00000216797,9606.ENSP00000263923,312
9606.ENSP00000216807,9606.ENSP00000269571,323
9606.ENSP00000216807,9606.ENSP00000275493,311
9606.ENSP00000216862,9606.ENSP00000393312,337
9606.ENSP00000216911,9606.ENSP00000275493,481
9606.ENSP00000216911,9606.ENSP00000354558,391
9606.ENSP00000216911,9606.ENSP00000302486,471
9606.ENSP00000216911,9606.ENSP00000361423,484
9606.ENSP00000216911,9606.ENSP00000269571,391
9606.ENSP00000216911,9606.ENSP00000288135,468
9606.ENSP00000216911,9606.ENSP00000483570,365
9606.ENSP00000216911,9606.ENSP00000231948,302
9606.ENSP00000216911,9606.ENSP00000263967,505
9606.ENSP00000216911,9606.ENSP00000261799,455
9606.ENSP00000216923,9606.ENSP00000393312,343
9606.ENSP00000216968,9606.ENSP00000477713,347
9606.ENSP00000216968,9606.ENSP00000263923,315
9606.ENSP00000216968,9606.ENSP00000288135,416
9606.ENSP00000217026,9606.ENSP00000275493,406
9606.ENSP00000217026,9606.ENSP00000269571,448
9606.ENSP00000217086,9606.ENSP00000288135,523
9606.ENSP00000217086,9606.ENSP00000231948,894
9606.ENSP00000217133,9606.ENSP00000432511,396
9606.ENSP00000217133,9606.ENSP00000371067,502
9606.ENSP00000217182,9606.ENSP00000362680,424
9606.ENSP00000217182,9606.ENSP00000269571,328
9606.ENSP00000217182,9606.ENSP00000275493,315
9606.ENSP00000217244,9606.ENSP00000373700,329
9606.ENSP00000217244,9606.ENSP00000362680,623
9606.ENSP00000217244,9606.ENSP00000477713,434
9606.ENSP00000217244,9606.ENSP00000354558,380
9606.ENSP00000217244,9606.ENSP00000275493,372
9606.ENSP00000217244,9606.ENSP00000261937,375
9606.ENSP00000217270,9606.ENSP00000393312,817
9606.ENSP00000217270,9606.ENSP00000483570,499
9606.ENSP00000217381,9606.ENSP00000275493,423
9606.ENSP00000217386,9606.ENSP00000483570,499
9606.ENSP00000217402,9606.ENSP00000477713,310
9606.ENSP00000217402,9606.ENSP00000346671,301
9606.ENSP00000217402,9606.ENSP00000499900,303
9606.ENSP00000217740,9606.ENSP00000499900,454
9606.ENSP00000217958,9606.ENSP00000302486,312
9606.ENSP00000217971,9606.ENSP00000262948,312
9606.ENSP00000217971,9606.ENSP00000275493,765
9606.ENSP00000217971,9606.ENSP00000354558,437
9606.ENSP00000218004,9606.ENSP00000269571,353
9606.ENSP00000218089,9606.ENSP00000371067,521
9606.ENSP00000218089,9606.ENSP00000263967,529
9606.ENSP00000218089,9606.ENSP00000257290,321
9606.ENSP00000218089,9606.ENSP00000361423,360
9606.ENSP00000218089,9606.ENSP00000432511,356
9606.ENSP00000218089,9606.ENSP00000288135,479
9606.ENSP00000218348,9606.ENSP00000354558,334
9606.ENSP00000218388,9606.ENSP00000354558,321
9606.ENSP00000218388,9606.ENSP00000282397,445
9606.ENSP00000218388,9606.ENSP00000275493,521
9606.ENSP00000218388,9606.ENSP00000261937,305
9606.ENSP00000218388,9606.ENSP00000269571,469
9606.ENSP00000218388,9606.ENSP00000257290,365
9606.ENSP00000218388,9606.ENSP00000317272,363
9606.ENSP00000218388,9606.ENSP00000371067,318
9606.ENSP00000218388,9606.ENSP00000261799,453
9606.ENSP00000218388,9606.ENSP00000263923,681
9606.ENSP00000218388,9606.ENSP00000362680,396
9606.ENSP00000218548,9606.ENSP00000269571,343
9606.ENSP00000218548,9606.ENSP00000288135,321
9606.ENSP00000218548,9606.ENSP00000354558,450
9606.ENSP00000218548,9606.ENSP00000275493,397
9606.ENSP00000218548,9606.ENSP00000362680,343
9606.ENSP00000218721,9606.ENSP00000483570,499
9606.ENSP00000218758,9606.ENSP00000350896,317
9606.ENSP00000218758,9606.ENSP00000362680,508
9606.ENSP00000218758,9606.ENSP00000483570,340
9606.ENSP00000219070,9606.ENSP00000269571,738
9606.ENSP00000219070,9606.ENSP00000257290,512
9606.ENSP00000219070,9606.ENSP00000499900,476
9606.ENSP00000219070,9606.ENSP00000361423,345
9606.ENSP00000219070,9606.ENSP00000288135,389
9606.ENSP00000219070,9606.ENSP00000432511,378
9606.ENSP00000219070,9606.ENSP00000261937,386
9606.ENSP00000219070,9606.ENSP00000282397,731
9606.ENSP00000219070,9606.ENSP00000354558,512
9606.ENSP00000219070,9606.ENSP00000275493,693
9606.ENSP00000219070,9606.ENSP00000302486,450
9606.ENSP00000219070,9606.ENSP00000263923,628
9606.ENSP00000219070,9606.ENSP00000362680,972
9606.ENSP00000219070,9606.ENSP00000261799,571
9606.ENSP00000219070,9606.ENSP00000350896,560
9606.ENSP00000219070,9606.ENSP00000317272,703
9606.ENSP00000219070,9606.ENSP00000371067,523
9606.ENSP00000219070,9606.ENSP00000263967,305
9606.ENSP00000219070,9606.ENSP00000393312,616
9606.ENSP00000219150,9606.ENSP00000477713,492
9606.ENSP00000219150,9606.ENSP00000432511,341
9606.ENSP00000219150,9606.ENSP00000483570,429
9606.ENSP00000219207,9606.ENSP00000288135,425
9606.ENSP00000219235,9606.ENSP00000499900,314
9606.ENSP00000219235,9606.ENSP00000275493,305
9606.ENSP00000219235,9606.ENSP00000371067,349
9606.ENSP00000219235,9606.ENSP00000282397,351
9606.ENSP00000219240,9606.ENSP00000354558,362
9606.ENSP00000219244,9606.ENSP00000371067,309
9606.ENSP00000219244,9606.ENSP00000282397,343
9606.ENSP00000219244,9606.ENSP00000499900,312
9606.ENSP00000219255,9606.ENSP00000350896,563
9606.ENSP00000219431,9606.ENSP00000275493,496
9606.ENSP00000219476,9606.ENSP00000317272,335
9606.ENSP00000219476,9606.ENSP00000371067,323
9606.ENSP00000219476,9606.ENSP00000393312,422
9606.ENSP00000219476,9606.ENSP00000263967,687
9606.ENSP00000219476,9606.ENSP00000419260,461
9606.ENSP00000219476,9606.ENSP00000263923,370
9606.ENSP00000219476,9606.ENSP00000362680,660
9606.ENSP00000219476,9606.ENSP00000261799,389
9606.ENSP00000219476,9606.ENSP00000373700,389
9606.ENSP00000219476,9606.ENSP00000262948,402
9606.ENSP00000219476,9606.ENSP00000354558,990
9606.ENSP00000219476,9606.ENSP00000275493,649
9606.ENSP00000219476,9606.ENSP00000302486,478
9606.ENSP00000219476,9606.ENSP00000269571,525
9606.ENSP00000219476,9606.ENSP00000361423,359
9606.ENSP00000219476,9606.ENSP00000257290,407
9606.ENSP00000219476,9606.ENSP00000288135,446
9606.ENSP00000219548,9606.ENSP00000269571,982
9606.ENSP00000219548,9606.ENSP00000361423,775
9606.ENSP00000219548,9606.ENSP00000288135,351
9606.ENSP00000219548,9606.ENSP00000432511,315
9606.ENSP00000219548,9606.ENSP00000354558,305
9606.ENSP00000219548,9606.ENSP00000275493,930
9606.ENSP00000219548,9606.ENSP00000477713,320
9606.ENSP00000219548,9606.ENSP00000346671,515
9606.ENSP00000219548,9606.ENSP00000362680,565
9606.ENSP00000219548,9606.ENSP00000317272,404
9606.ENSP00000219548,9606.ENSP00000371067,491
9606.ENSP00000219551,9606.ENSP00000275493,529
9606.ENSP00000219596,9606.ENSP00000354558,369
9606.ENSP00000219596,9606.ENSP00000499900,310
9606.ENSP00000219596,9606.ENSP00000371067,315
9606.ENSP00000219746,9606.ENSP00000269571,383
9606.ENSP00000220003,9606.ENSP00000346671,885
9606.ENSP00000220003,9606.ENSP00000302486,635
9606.ENSP00000220003,9606.ENSP00000477713,912
9606.ENSP00000220003,9606.ENSP00000275493,929
9606.ENSP00000220003,9606.ENSP00000428924,948
9606.ENSP00000220003,9606.ENSP00000269571,489
9606.ENSP00000220003,9606.ENSP00000483570,509
9606.ENSP00000220003,9606.ENSP00000362680,998
9606.ENSP00000220003,9606.ENSP00000262948,629
9606.ENSP00000220062,9606.ENSP00000317272,316
9606.ENSP00000220507,9606.ENSP00000275493,340
9606.ENSP00000220507,9606.ENSP00000317272,331
9606.ENSP00000220507,9606.ENSP00000262948,305
9606.ENSP00000220514,9606.ENSP00000275493,379
9606.ENSP00000220592,9606.ENSP00000361423,365
9606.ENSP00000220592,9606.ENSP00000269571,368
9606.ENSP00000220592,9606.ENSP00000275493,956
9606.ENSP00000220592,9606.ENSP00000354558,360
9606.ENSP00000220592,9606.ENSP00000362680,640
9606.ENSP00000220592,9606.ENSP00000317272,305
9606.ENSP00000220592,9606.ENSP00000231948,635
9606.ENSP00000220597,9606.ENSP00000275493,676
9606.ENSP00000220597,9606.ENSP00000477713,874
9606.ENSP00000220597,9606.ENSP00000346671,948
9606.ENSP00000220597,9606.ENSP00000269571,424
9606.ENSP00000220597,9606.ENSP00000428924,961
9606.ENSP00000220597,9606.ENSP00000361423,449
9606.ENSP00000220597,9606.ENSP00000362680,880
9606.ENSP00000220616,9606.ENSP00000373700,305
9606.ENSP00000220616,9606.ENSP00000269571,327
9606.ENSP00000220616,9606.ENSP00000288135,359
9606.ENSP00000220616,9606.ENSP00000275493,336
9606.ENSP00000220751,9606.ENSP00000231948,419
9606.ENSP00000220751,9606.ENSP00000288135,476
9606.ENSP00000220751,9606.ENSP00000361423,431
9606.ENSP00000220751,9606.ENSP00000428924,490
9606.ENSP00000220751,9606.ENSP00000269571,453
9606.ENSP00000220764,9606.ENSP00000263967,462
9606.ENSP00000220772,9606.ENSP00000275493,411
9606.ENSP00000220772,9606.ENSP00000257290,335
9606.ENSP00000220772,9606.ENSP00000269571,391
9606.ENSP00000220772,9606.ENSP00000288135,315
9606.ENSP00000220809,9606.ENSP00000317272,349
9606.ENSP00000220809,9606.ENSP00000362680,402
9606.ENSP00000220809,9606.ENSP00000263923,421
9606.ENSP00000220809,9606.ENSP00000261799,332
9606.ENSP00000220809,9606.ENSP00000275493,367
9606.ENSP00000220809,9606.ENSP00000282397,368
9606.ENSP00000220809,9606.ENSP00000477713,439
9606.ENSP00000220809,9606.ENSP00000257290,355
9606.ENSP00000221130,9606.ENSP00000354558,353
9606.ENSP00000221132,9606.ENSP00000362680,323
9606.ENSP00000221132,9606.ENSP00000269571,372
9606.ENSP00000221132,9606.ENSP00000275493,418
9606.ENSP00000221132,9606.ENSP00000354558,300
9606.ENSP00000221138,9606.ENSP00000262948,921
9606.ENSP00000221138,9606.ENSP00000362680,635
9606.ENSP00000221138,9606.ENSP00000371067,428
9606.ENSP00000221138,9606.ENSP00000428924,571
9606.ENSP00000221138,9606.ENSP00000477713,553
9606.ENSP00000221138,9606.ENSP00000302486,928
9606.ENSP00000221138,9606.ENSP00000275493,527
9606.ENSP00000221138,9606.ENSP00000346671,726
9606.ENSP00000221419,9606.ENSP00000346671,412
9606.ENSP00000221419,9606.ENSP00000275493,440
9606.ENSP00000221419,9606.ENSP00000477713,469
9606.ENSP00000221419,9606.ENSP00000269571,368
9606.ENSP00000221419,9606.ENSP00000371067,321
9606.ENSP00000221419,9606.ENSP00000362680,422
9606.ENSP00000221419,9606.ENSP00000262948,326
9606.ENSP00000221452,9606.ENSP00000499900,382
9606.ENSP00000221452,9606.ENSP00000428924,379
9606.ENSP00000221452,9606.ENSP00000269571,308
9606.ENSP00000221452,9606.ENSP00000432511,351
9606.ENSP00000221452,9606.ENSP00000275493,404
9606.ENSP00000221452,9606.ENSP00000354558,317
9606.ENSP00000221452,9606.ENSP00000302486,317
9606.ENSP00000221452,9606.ENSP00000477713,337
9606.ENSP00000221452,9606.ENSP00000362680,441
9606.ENSP00000221452,9606.ENSP00000371067,427
9606.ENSP00000221452,9606.ENSP00000483570,418
9606.ENSP00000221455,9606.ENSP00000261799,317
9606.ENSP00000221455,9606.ENSP00000419260,303
9606.ENSP00000221486,9606.ENSP00000261799,339
9606.ENSP00000221496,9606.ENSP00000288135,388
9606.ENSP00000221515,9606.ENSP00000354558,325
9606.ENSP00000221515,9606.ENSP00000371067,372
9606.ENSP00000221561,9606.ENSP00000269571,419
9606.ENSP00000221561,9606.ENSP00000275493,419
9606.ENSP00000221566,9606.ENSP00000275493,415
9606.ENSP00000221665,9606.ENSP00000257290,459
9606.ENSP00000221797,9606.ENSP00000282397,498
9606.ENSP00000221847,9606.ENSP00000499900,564
9606.ENSP00000221847,9606.ENSP00000371067,555
9606.ENSP00000221891,9606.ENSP00000361423,391
9606.ENSP00000221930,9606.ENSP00000362680,787
9606.ENSP00000221930,9606.ENSP00000263923,734
9606.ENSP00000221930,9606.ENSP00000350896,330
9606.ENSP00000221930,9606.ENSP00000373700,788
9606.ENSP00000221930,9606.ENSP00000261799,825
9606.ENSP00000221930,9606.ENSP00000371067,594
9606.ENSP00000221930,9606.ENSP00000483570,379
9606.ENSP00000221930,9606.ENSP00000317272,739
9606.ENSP00000221930,9606.ENSP00000419260,345
9606.ENSP00000221930,9606.ENSP00000263967,358
9606.ENSP00000221930,9606.ENSP00000393312,508
9606.ENSP00000221930,9606.ENSP00000499900,511
9606.ENSP00000221930,9606.ENSP00000361423,447
9606.ENSP00000221930,9606.ENSP00000428924,356
9606.ENSP00000221930,9606.ENSP00000257290,774
9606.ENSP00000221930,9606.ENSP00000269571,635
9606.ENSP00000221930,9606.ENSP00000432511,438
9606.ENSP00000221930,9606.ENSP00000288135,702
9606.ENSP00000221930,9606.ENSP00000261937,423
9606.ENSP00000221930,9606.ENSP00000346671,429
9606.ENSP00000221930,9606.ENSP00000275493,975
9606.ENSP00000221930,9606.ENSP00000354558,582
9606.ENSP00000221930,9606.ENSP00000282397,727
9606.ENSP00000221930,9606.ENSP00000302486,487
9606.ENSP00000221930,9606.ENSP00000477713,428
9606.ENSP00000221954,9606.ENSP00000261937,485
9606.ENSP00000221957,9606.ENSP00000477713,347
9606.ENSP00000221957,9606.ENSP00000362680,355
9606.ENSP00000221972,9606.ENSP00000262948,426
9606.ENSP00000221972,9606.ENSP00000373700,691
9606.ENSP00000221972,9606.ENSP00000263923,473
9606.ENSP00000221972,9606.ENSP00000362680,642
9606.ENSP00000221972,9606.ENSP00000483570,955
9606.ENSP00000221972,9606.ENSP00000288135,581
9606.ENSP00000221972,9606.ENSP00000432511,353
9606.ENSP00000221972,9606.ENSP00000361423,431
9606.ENSP00000221972,9606.ENSP00000428924,999
9606.ENSP00000221972,9606.ENSP00000302486,467
9606.ENSP00000221972,9606.ENSP00000477713,655
9606.ENSP00000221972,9606.ENSP00000275493,416
9606.ENSP00000221972,9606.ENSP00000346671,932
9606.ENSP00000221978,9606.ENSP00000477713,408
9606.ENSP00000221992,9606.ENSP00000288135,508
9606.ENSP00000221992,9606.ENSP00000269571,768
9606.ENSP00000221992,9606.ENSP00000275493,720
9606.ENSP00000221992,9606.ENSP00000373700,575
9606.ENSP00000221992,9606.ENSP00000362680,394
9606.ENSP00000221992,9606.ENSP00000263967,449
9606.ENSP00000221992,9606.ENSP00000317272,499
9606.ENSP00000222002,9606.ENSP00000371067,359
9606.ENSP00000222005,9606.ENSP00000269571,891
9606.ENSP00000222005,9606.ENSP00000428924,346
9606.ENSP00000222005,9606.ENSP00000499900,325
9606.ENSP00000222005,9606.ENSP00000361423,617
9606.ENSP00000222005,9606.ENSP00000477713,466
9606.ENSP00000222005,9606.ENSP00000302486,456
9606.ENSP00000222005,9606.ENSP00000275493,917
9606.ENSP00000222005,9606.ENSP00000346671,493
9606.ENSP00000222005,9606.ENSP00000262948,471
9606.ENSP00000222005,9606.ENSP00000373700,386
9606.ENSP00000222005,9606.ENSP00000362680,899
9606.ENSP00000222005,9606.ENSP00000263967,543
9606.ENSP00000222005,9606.ENSP00000317272,307
9606.ENSP00000222005,9606.ENSP00000483570,536
9606.ENSP00000222005,9606.ENSP00000371067,302
9606.ENSP00000222139,9606.ENSP00000432511,933
9606.ENSP00000222139,9606.ENSP00000288135,799
9606.ENSP00000222139,9606.ENSP00000362680,588
9606.ENSP00000222139,9606.ENSP00000361423,524
9606.ENSP00000222139,9606.ENSP00000499900,968
9606.ENSP00000222139,9606.ENSP00000428924,904
9606.ENSP00000222139,9606.ENSP00000263923,377
9606.ENSP00000222139,9606.ENSP00000350896,302
9606.ENSP00000222139,9606.ENSP00000261799,432
9606.ENSP00000222139,9606.ENSP00000419260,639
9606.ENSP00000222139,9606.ENSP00000477713,310
9606.ENSP00000222139,9606.ENSP00000263967,570
9606.ENSP00000222139,9606.ENSP00000371067,999
9606.ENSP00000222139,9606.ENSP00000275493,573
9606.ENSP00000222145,9606.ENSP00000362680,361
9606.ENSP00000222145,9606.ENSP00000263923,437
9606.ENSP00000222224,9606.ENSP00000371067,417
9606.ENSP00000222224,9606.ENSP00000432511,336
9606.ENSP00000222248,9606.ENSP00000275493,319
9606.ENSP00000222254,9606.ENSP00000261937,741
9606.ENSP00000222254,9606.ENSP00000432511,925
9606.ENSP00000222254,9606.ENSP00000288135,968
9606.ENSP00000222254,9606.ENSP00000361423,308
9606.ENSP00000222254,9606.ENSP00000499900,921
9606.ENSP00000222254,9606.ENSP00000257290,938
9606.ENSP00000222254,9606.ENSP00000428924,930
9606.ENSP00000222254,9606.ENSP00000269571,985
9606.ENSP00000222254,9606.ENSP00000302486,350
9606.ENSP00000222254,9606.ENSP00000477713,773
9606.ENSP00000222254,9606.ENSP00000275493,993
9606.ENSP00000222254,9606.ENSP00000354558,944
9606.ENSP00000222254,9606.ENSP00000282397,748
9606.ENSP00000222254,9606.ENSP00000346671,955
9606.ENSP00000222254,9606.ENSP00000262948,357
9606.ENSP00000222254,9606.ENSP00000373700,927
9606.ENSP00000222254,9606.ENSP00000261799,971
9606.ENSP00000222254,9606.ENSP00000362680,959
9606.ENSP00000222254,9606.ENSP00000263923,931
9606.ENSP00000222254,9606.ENSP00000393312,948
9606.ENSP00000222254,9606.ENSP00000263967,999
9606.ENSP00000222254,9606.ENSP00000419260,999
9606.ENSP00000222254,9606.ENSP00000371067,923
9606.ENSP00000222254,9606.ENSP00000483570,925
9606.ENSP00000222254,9606.ENSP00000317272,768
9606.ENSP00000222256,9606.ENSP00000275493,308
9606.ENSP00000222305,9606.ENSP00000262948,311
9606.ENSP00000222329,9606.ENSP00000362680,395
9606.ENSP00000222330,9606.ENSP00000362680,467
9606.ENSP00000222330,9606.ENSP00000262948,448
9606.ENSP00000222330,9606.ENSP00000263967,388
9606.ENSP00000222330,9606.ENSP00000269571,364
9606.ENSP00000222330,9606.ENSP00000346671,511
9606.ENSP00000222330,9606.ENSP00000302486,402
9606.ENSP00000222330,9606.ENSP00000354558,632
9606.ENSP00000222374,9606.ENSP00000269571,363
9606.ENSP00000222374,9606.ENSP00000362680,376
9606.ENSP00000222390,9606.ENSP00000302486,435
9606.ENSP00000222390,9606.ENSP00000275493,980
9606.ENSP00000222390,9606.ENSP00000282397,908
9606.ENSP00000222390,9606.ENSP00000354558,524
9606.ENSP00000222390,9606.ENSP00000261937,886
9606.ENSP00000222390,9606.ENSP00000432511,512
9606.ENSP00000222390,9606.ENSP00000288135,925
9606.ENSP00000222390,9606.ENSP00000257290,841
9606.ENSP00000222390,9606.ENSP00000361423,376
9606.ENSP00000222390,9606.ENSP00000499900,583
9606.ENSP00000222390,9606.ENSP00000269571,918
9606.ENSP00000222390,9606.ENSP00000393312,814
9606.ENSP00000222390,9606.ENSP00000263967,623
9606.ENSP00000222390,9606.ENSP00000371067,641
9606.ENSP00000222390,9606.ENSP00000317272,999
9606.ENSP00000222390,9606.ENSP00000373700,696
9606.ENSP00000222390,9606.ENSP00000261799,855
9606.ENSP00000222390,9606.ENSP00000362680,867
9606.ENSP00000222390,9606.ENSP00000263923,966
9606.ENSP00000222399,9606.ENSP00000317272,509
9606.ENSP00000222399,9606.ENSP00000275493,304
9606.ENSP00000222399,9606.ENSP00000257290,355
9606.ENSP00000222482,9606.ENSP00000288135,453
9606.ENSP00000222543,9606.ENSP00000361423,385
9606.ENSP00000222547,9606.ENSP00000231948,316
9606.ENSP00000222553,9606.ENSP00000371067,329
9606.ENSP00000222553,9606.ENSP00000354558,412
9606.ENSP00000222573,9606.ENSP00000362680,927
9606.ENSP00000222573,9606.ENSP00000317272,312
9606.ENSP00000222573,9606.ENSP00000428924,425
9606.ENSP00000222573,9606.ENSP00000275493,300
9606.ENSP00000222693,9606.ENSP00000317272,515
9606.ENSP00000222693,9606.ENSP00000263923,507
9606.ENSP00000222693,9606.ENSP00000362680,971
9606.ENSP00000222693,9606.ENSP00000346671,962
9606.ENSP00000222693,9606.ENSP00000275493,977
9606.ENSP00000222747,9606.ENSP00000275493,340
9606.ENSP00000222823,9606.ENSP00000263923,308
9606.ENSP00000222823,9606.ENSP00000362680,316
9606.ENSP00000222968,9606.ENSP00000257290,379
9606.ENSP00000222968,9606.ENSP00000261799,303
9606.ENSP00000222990,9606.ENSP00000499900,436
9606.ENSP00000223023,9606.ENSP00000361423,635
9606.ENSP00000223023,9606.ENSP00000477713,477
9606.ENSP00000223023,9606.ENSP00000275493,761
9606.ENSP00000223023,9606.ENSP00000346671,854
9606.ENSP00000223023,9606.ENSP00000362680,927
9606.ENSP00000223023,9606.ENSP00000393312,466
9606.ENSP00000223023,9606.ENSP00000483570,551
9606.ENSP00000223026,9606.ENSP00000317272,322
9606.ENSP00000223061,9606.ENSP00000257290,362
9606.ENSP00000223061,9606.ENSP00000261799,394
9606.ENSP00000223095,9606.ENSP00000275493,699
9606.ENSP00000223095,9606.ENSP00000282397,457
9606.ENSP00000223095,9606.ENSP00000354558,351
9606.ENSP00000223095,9606.ENSP00000302486,550
9606.ENSP00000223095,9606.ENSP00000257290,309
9606.ENSP00000223095,9606.ENSP00000269571,447
9606.ENSP00000223095,9606.ENSP00000371067,325
9606.ENSP00000223095,9606.ENSP00000317272,382
9606.ENSP00000223095,9606.ENSP00000362680,446
9606.ENSP00000223095,9606.ENSP00000263923,453
9606.ENSP00000223095,9606.ENSP00000261799,405
9606.ENSP00000223136,9606.ENSP00000354558,350
9606.ENSP00000223145,9606.ENSP00000373700,384
9606.ENSP00000223215,9606.ENSP00000275493,392
9606.ENSP00000223321,9606.ENSP00000346671,381
9606.ENSP00000223321,9606.ENSP00000231948,309
9606.ENSP00000223357,9606.ENSP00000261799,403
9606.ENSP00000223357,9606.ENSP00000257290,315
9606.ENSP00000223364,9606.ENSP00000263923,407
9606.ENSP00000223366,9606.ENSP00000354558,384
9606.ENSP00000223500,9606.ENSP00000275493,429
9606.ENSP00000223641,9606.ENSP00000275493,646
9606.ENSP00000223641,9606.ENSP00000371067,368
9606.ENSP00000223642,9606.ENSP00000362680,542
9606.ENSP00000223795,9606.ENSP00000483570,317
9606.ENSP00000224337,9606.ENSP00000428924,999
9606.ENSP00000224337,9606.ENSP00000361423,624
9606.ENSP00000224337,9606.ENSP00000362680,686
9606.ENSP00000224337,9606.ENSP00000269571,497
9606.ENSP00000224337,9606.ENSP00000432511,384
9606.ENSP00000224337,9606.ENSP00000288135,391
9606.ENSP00000224337,9606.ENSP00000346671,807
9606.ENSP00000224337,9606.ENSP00000275493,431
9606.ENSP00000224337,9606.ENSP00000483570,999
9606.ENSP00000224337,9606.ENSP00000477713,742
9606.ENSP00000224337,9606.ENSP00000263967,592
9606.ENSP00000224784,9606.ENSP00000275493,530
9606.ENSP00000224784,9606.ENSP00000257290,558
9606.ENSP00000224784,9606.ENSP00000288135,327
9606.ENSP00000224784,9606.ENSP00000261799,781
9606.ENSP00000224784,9606.ENSP00000263923,404
9606.ENSP00000225174,9606.ENSP00000354558,336
9606.ENSP00000225174,9606.ENSP00000362680,357
9606.ENSP00000225275,9606.ENSP00000477713,316
9606.ENSP00000225275,9606.ENSP00000354558,301
9606.ENSP00000225275,9606.ENSP00000275493,357
9606.ENSP00000225275,9606.ENSP00000288135,705
9606.ENSP00000225275,9606.ENSP00000269571,528
9606.ENSP00000225275,9606.ENSP00000361423,485
9606.ENSP00000225275,9606.ENSP00000371067,408
9606.ENSP00000225275,9606.ENSP00000263923,323
9606.ENSP00000225275,9606.ENSP00000362680,322
9606.ENSP00000225387,9606.ENSP00000269571,404
9606.ENSP00000225474,9606.ENSP00000354558,366
9606.ENSP00000225474,9606.ENSP00000282397,618
9606.ENSP00000225474,9606.ENSP00000275493,857
9606.ENSP00000225474,9606.ENSP00000477713,447
9606.ENSP00000225474,9606.ENSP00000269571,646
9606.ENSP00000225474,9606.ENSP00000499900,889
9606.ENSP00000225474,9606.ENSP00000361423,683
9606.ENSP00000225474,9606.ENSP00000428924,636
9606.ENSP00000225474,9606.ENSP00000257290,754
9606.ENSP00000225474,9606.ENSP00000288135,661
9606.ENSP00000225474,9606.ENSP00000432511,775
9606.ENSP00000225474,9606.ENSP00000317272,352
9606.ENSP00000225474,9606.ENSP00000371067,988
9606.ENSP00000225474,9606.ENSP00000483570,347
9606.ENSP00000225474,9606.ENSP00000263923,522
9606.ENSP00000225474,9606.ENSP00000362680,403
9606.ENSP00000225474,9606.ENSP00000261799,758
9606.ENSP00000225474,9606.ENSP00000373700,315
9606.ENSP00000225512,9606.ENSP00000275493,333
9606.ENSP00000225538,9606.ENSP00000483570,372
9606.ENSP00000225577,9606.ENSP00000362680,502
9606.ENSP00000225577,9606.ENSP00000261799,413
9606.ENSP00000225577,9606.ENSP00000483570,429
9606.ENSP00000225577,9606.ENSP00000419260,657
9606.ENSP00000225577,9606.ENSP00000263967,716
9606.ENSP00000225577,9606.ENSP00000428924,403
9606.ENSP00000225577,9606.ENSP00000361423,606
9606.ENSP00000225577,9606.ENSP00000288135,591
9606.ENSP00000225577,9606.ENSP00000346671,464
9606.ENSP00000225577,9606.ENSP00000354558,999
9606.ENSP00000225577,9606.ENSP00000275493,327
9606.ENSP00000225577,9606.ENSP00000302486,384
9606.ENSP00000225614,9606.ENSP00000269571,414
9606.ENSP00000225655,9606.ENSP00000362680,641
9606.ENSP00000225655,9606.ENSP00000354558,472
9606.ENSP00000225688,9606.ENSP00000275493,338
9606.ENSP00000225688,9606.ENSP00000354558,377
9606.ENSP00000225688,9606.ENSP00000302486,504
9606.ENSP00000225688,9606.ENSP00000317272,363
9606.ENSP00000225688,9606.ENSP00000362680,373
9606.ENSP00000225698,9606.ENSP00000317272,480
9606.ENSP00000225719,9606.ENSP00000477713,430
9606.ENSP00000225719,9606.ENSP00000346671,429
9606.ENSP00000225792,9606.ENSP00000361423,463
9606.ENSP00000225792,9606.ENSP00000275493,345
9606.ENSP00000225792,9606.ENSP00000362680,464
9606.ENSP00000225792,9606.ENSP00000231948,308
9606.ENSP00000225823,9606.ENSP00000373700,385
9606.ENSP00000225831,9606.ENSP00000432511,343
9606.ENSP00000225831,9606.ENSP00000288135,687
9606.ENSP00000225831,9606.ENSP00000428924,353
9606.ENSP00000225831,9606.ENSP00000257290,645
9606.ENSP00000225831,9606.ENSP00000499900,781
9606.ENSP00000225831,9606.ENSP00000269571,448
9606.ENSP00000225831,9606.ENSP00000261937,323
9606.ENSP00000225831,9606.ENSP00000477713,323
9606.ENSP00000225831,9606.ENSP00000302486,370
9606.ENSP00000225831,9606.ENSP00000275493,725
9606.ENSP00000225831,9606.ENSP00000282397,791
9606.ENSP00000225831,9606.ENSP00000354558,511
9606.ENSP00000225831,9606.ENSP00000362680,733
9606.ENSP00000225831,9606.ENSP00000263923,758
9606.ENSP00000225831,9606.ENSP00000262948,319
9606.ENSP00000225831,9606.ENSP00000261799,530
9606.ENSP00000225831,9606.ENSP00000419260,376
9606.ENSP00000225831,9606.ENSP00000483570,352
9606.ENSP00000225831,9606.ENSP00000371067,602
9606.ENSP00000225831,9606.ENSP00000317272,397
9606.ENSP00000225842,9606.ENSP00000362680,547
9606.ENSP00000225844,9606.ENSP00000261937,441
9606.ENSP00000225844,9606.ENSP00000362680,544
9606.ENSP00000225844,9606.ENSP00000263923,518
9606.ENSP00000225844,9606.ENSP00000282397,365
9606.ENSP00000225916,9606.ENSP00000354558,364
9606.ENSP00000225929,9606.ENSP00000275493,414
9606.ENSP00000225964,9606.ENSP00000282397,311
9606.ENSP00000225964,9606.ENSP00000275493,655
9606.ENSP00000225964,9606.ENSP00000346671,372
9606.ENSP00000225964,9606.ENSP00000288135,372
9606.ENSP00000225964,9606.ENSP00000269571,308
9606.ENSP00000225964,9606.ENSP00000257290,684
9606.ENSP00000225964,9606.ENSP00000393312,389
9606.ENSP00000225964,9606.ENSP00000261799,831
9606.ENSP00000225964,9606.ENSP00000263923,397
9606.ENSP00000225964,9606.ENSP00000362680,328
9606.ENSP00000225972,9606.ENSP00000275493,301
9606.ENSP00000226004,9606.ENSP00000362680,303
9606.ENSP00000226004,9606.ENSP00000302486,305
9606.ENSP00000226004,9606.ENSP00000275493,433
9606.ENSP00000226067,9606.ENSP00000317272,446
9606.ENSP00000226091,9606.ENSP00000275493,305
9606.ENSP00000226091,9606.ENSP00000346671,650
9606.ENSP00000226091,9606.ENSP00000269571,402
9606.ENSP00000226091,9606.ENSP00000350896,997
9606.ENSP00000226091,9606.ENSP00000362680,711
9606.ENSP00000226105,9606.ENSP00000346671,379
9606.ENSP00000226218,9606.ENSP00000269571,323
9606.ENSP00000226218,9606.ENSP00000257290,337
9606.ENSP00000226218,9606.ENSP00000282397,377
9606.ENSP00000226218,9606.ENSP00000275493,611
9606.ENSP00000226218,9606.ENSP00000263923,760
9606.ENSP00000226218,9606.ENSP00000362680,733
9606.ENSP00000226218,9606.ENSP00000261799,399
9606.ENSP00000226218,9606.ENSP00000317272,436
9606.ENSP00000226230,9606.ENSP00000275493,555
9606.ENSP00000226247,9606.ENSP00000477713,332
9606.ENSP00000226247,9606.ENSP00000288135,371
9606.ENSP00000226279,9606.ENSP00000483570,592
9606.ENSP00000226279,9606.ENSP00000371067,487
9606.ENSP00000226279,9606.ENSP00000231948,370
9606.ENSP00000226279,9606.ENSP00000373700,339
9606.ENSP00000226279,9606.ENSP00000362680,382
9606.ENSP00000226279,9606.ENSP00000263923,334
9606.ENSP00000226279,9606.ENSP00000275493,365
9606.ENSP00000226279,9606.ENSP00000354558,311
9606.ENSP00000226279,9606.ENSP00000477713,638
9606.ENSP00000226279,9606.ENSP00000428924,652
9606.ENSP00000226279,9606.ENSP00000499900,366
9606.ENSP00000226279,9606.ENSP00000361423,594
9606.ENSP00000226279,9606.ENSP00000269571,370
9606.ENSP00000226279,9606.ENSP00000432511,417
9606.ENSP00000226279,9606.ENSP00000288135,722
9606.ENSP00000226317,9606.ENSP00000362680,532
9606.ENSP00000226355,9606.ENSP00000362680,387
9606.ENSP00000226355,9606.ENSP00000263967,328
9606.ENSP00000226382,9606.ENSP00000373700,625
9606.ENSP00000226413,9606.ENSP00000393312,758
9606.ENSP00000226413,9606.ENSP00000483570,499
9606.ENSP00000226574,9606.ENSP00000263967,697
9606.ENSP00000226574,9606.ENSP00000393312,386
9606.ENSP00000226574,9606.ENSP00000317272,450
9606.ENSP00000226574,9606.ENSP00000483570,759
9606.ENSP00000226574,9606.ENSP00000373700,358
9606.ENSP00000226574,9606.ENSP00000263923,461
9606.ENSP00000226574,9606.ENSP00000362680,756
9606.ENSP00000226574,9606.ENSP00000275493,837
9606.ENSP00000226574,9606.ENSP00000346671,636
9606.ENSP00000226574,9606.ENSP00000419260,597
9606.ENSP00000226574,9606.ENSP00000371067,657
9606.ENSP00000226574,9606.ENSP00000261799,394
9606.ENSP00000226574,9606.ENSP00000302486,762
9606.ENSP00000226574,9606.ENSP00000477713,490
9606.ENSP00000226574,9606.ENSP00000354558,760
9606.ENSP00000226574,9606.ENSP00000282397,385
9606.ENSP00000226574,9606.ENSP00000288135,441
9606.ENSP00000226574,9606.ENSP00000432511,482
9606.ENSP00000226574,9606.ENSP00000269571,733
9606.ENSP00000226574,9606.ENSP00000499900,675
9606.ENSP00000226574,9606.ENSP00000361423,490
9606.ENSP00000226574,9606.ENSP00000257290,323
9606.ENSP00000226574,9606.ENSP00000428924,507
9606.ENSP00000226730,9606.ENSP00000261799,757
9606.ENSP00000226730,9606.ENSP00000373700,383
9606.ENSP00000226730,9606.ENSP00000263923,440
9606.ENSP00000226730,9606.ENSP00000362680,571
9606.ENSP00000226730,9606.ENSP00000317272,374
9606.ENSP00000226730,9606.ENSP00000231948,353
9606.ENSP00000226730,9606.ENSP00000371067,896
9606.ENSP00000226730,9606.ENSP00000483570,477
9606.ENSP00000226730,9606.ENSP00000263967,555
9606.ENSP00000226730,9606.ENSP00000419260,328
9606.ENSP00000226730,9606.ENSP00000269571,609
9606.ENSP00000226730,9606.ENSP00000499900,989
9606.ENSP00000226730,9606.ENSP00000361423,418
9606.ENSP00000226730,9606.ENSP00000428924,349
9606.ENSP00000226730,9606.ENSP00000257290,733
9606.ENSP00000226730,9606.ENSP00000288135,571
9606.ENSP00000226730,9606.ENSP00000432511,999
9606.ENSP00000226730,9606.ENSP00000354558,612
9606.ENSP00000226730,9606.ENSP00000282397,598
9606.ENSP00000226730,9606.ENSP00000275493,851
9606.ENSP00000226730,9606.ENSP00000302486,401
9606.ENSP00000226730,9606.ENSP00000477713,913
9606.ENSP00000226730,9606.ENSP00000346671,661
9606.ENSP00000226951,9606.ENSP00000275493,311
9606.ENSP00000226951,9606.ENSP00000269571,311
9606.ENSP00000226951,9606.ENSP00000428924,573
9606.ENSP00000227155,9606.ENSP00000263923,492
9606.ENSP00000227155,9606.ENSP00000362680,364
9606.ENSP00000227155,9606.ENSP00000317272,602
9606.ENSP00000227155,9606.ENSP00000269571,491
9606.ENSP00000227155,9606.ENSP00000499900,419
9606.ENSP00000227155,9606.ENSP00000275493,738
9606.ENSP00000227155,9606.ENSP00000346671,360
9606.ENSP00000227163,9606.ENSP00000477713,525
9606.ENSP00000227163,9606.ENSP00000288135,672
9606.ENSP00000227163,9606.ENSP00000432511,353
9606.ENSP00000227163,9606.ENSP00000428924,452
9606.ENSP00000227163,9606.ENSP00000361423,387
9606.ENSP00000227163,9606.ENSP00000499900,326
9606.ENSP00000227163,9606.ENSP00000419260,346
9606.ENSP00000227163,9606.ENSP00000483570,684
9606.ENSP00000227163,9606.ENSP00000371067,395
9606.ENSP00000227163,9606.ENSP00000263923,365
9606.ENSP00000227163,9606.ENSP00000362680,383
9606.ENSP00000227322,9606.ENSP00000275493,921
9606.ENSP00000227348,9606.ENSP00000477713,344
9606.ENSP00000227471,9606.ENSP00000483570,388
9606.ENSP00000227507,9606.ENSP00000346671,391
9606.ENSP00000227507,9606.ENSP00000282397,455
9606.ENSP00000227507,9606.ENSP00000354558,802
9606.ENSP00000227507,9606.ENSP00000275493,841
9606.ENSP00000227507,9606.ENSP00000477713,375
9606.ENSP00000227507,9606.ENSP00000302486,751
9606.ENSP00000227507,9606.ENSP00000269571,904
9606.ENSP00000227507,9606.ENSP00000257290,516
9606.ENSP00000227507,9606.ENSP00000428924,597
9606.ENSP00000227507,9606.ENSP00000361423,742
9606.ENSP00000227507,9606.ENSP00000499900,517
9606.ENSP00000227507,9606.ENSP00000288135,749
9606.ENSP00000227507,9606.ENSP00000432511,385
9606.ENSP00000227507,9606.ENSP00000261937,324
9606.ENSP00000227507,9606.ENSP00000317272,655
9606.ENSP00000227507,9606.ENSP00000483570,451
9606.ENSP00000227507,9606.ENSP00000371067,852
9606.ENSP00000227507,9606.ENSP00000419260,378
9606.ENSP00000227507,9606.ENSP00000393312,627
9606.ENSP00000227507,9606.ENSP00000263967,704
9606.ENSP00000227507,9606.ENSP00000263923,592
9606.ENSP00000227507,9606.ENSP00000362680,875
9606.ENSP00000227507,9606.ENSP00000261799,692
9606.ENSP00000227507,9606.ENSP00000373700,549
9606.ENSP00000227507,9606.ENSP00000262948,347
9606.ENSP00000227638,9606.ENSP00000362680,662
9606.ENSP00000227667,9606.ENSP00000275493,307
9606.ENSP00000227752,9606.ENSP00000477713,398
9606.ENSP00000227752,9606.ENSP00000432511,779
9606.ENSP00000227752,9606.ENSP00000499900,999
9606.ENSP00000227752,9606.ENSP00000428924,301
9606.ENSP00000227752,9606.ENSP00000371067,778
9606.ENSP00000227752,9606.ENSP00000483570,427
9606.ENSP00000227918,9606.ENSP00000269571,676
9606.ENSP00000228251,9606.ENSP00000275493,396
9606.ENSP00000228251,9606.ENSP00000361423,428
9606.ENSP00000228251,9606.ENSP00000269571,488
9606.ENSP00000228318,9606.ENSP00000275493,329
9606.ENSP00000228434,9606.ENSP00000362680,358
9606.ENSP00000228434,9606.ENSP00000483570,517
9606.ENSP00000228434,9606.ENSP00000371067,329
9606.ENSP00000228434,9606.ENSP00000288135,472
9606.ENSP00000228434,9606.ENSP00000432511,420
9606.ENSP00000228434,9606.ENSP00000269571,317
9606.ENSP00000228434,9606.ENSP00000428924,332
9606.ENSP00000228434,9606.ENSP00000499900,348
9606.ENSP00000228434,9606.ENSP00000477713,795
9606.ENSP00000228434,9606.ENSP00000354558,307
9606.ENSP00000228434,9606.ENSP00000346671,408
9606.ENSP00000228438,9606.ENSP00000371067,490
9606.ENSP00000228463,9606.ENSP00000477713,335
9606.ENSP00000228463,9606.ENSP00000428924,327
9606.ENSP00000228463,9606.ENSP00000419260,354
9606.ENSP00000228463,9606.ENSP00000483570,396
9606.ENSP00000228463,9606.ENSP00000362680,390
9606.ENSP00000228510,9606.ENSP00000483570,345
9606.ENSP00000228534,9606.ENSP00000371067,934
9606.ENSP00000228534,9606.ENSP00000275493,662
9606.ENSP00000228534,9606.ENSP00000261799,650
9606.ENSP00000228534,9606.ENSP00000257290,650
9606.ENSP00000228567,9606.ENSP00000428924,333
9606.ENSP00000228606,9606.ENSP00000393312,370
9606.ENSP00000228606,9606.ENSP00000362680,807
9606.ENSP00000228641,9606.ENSP00000317272,322
9606.ENSP00000228644,9606.ENSP00000317272,501
9606.ENSP00000228644,9606.ENSP00000261799,359
9606.ENSP00000228644,9606.ENSP00000263923,313
9606.ENSP00000228644,9606.ENSP00000354558,345
9606.ENSP00000228644,9606.ENSP00000257290,514
9606.ENSP00000228682,9606.ENSP00000302486,355
9606.ENSP00000228682,9606.ENSP00000282397,316
9606.ENSP00000228682,9606.ENSP00000354558,401
9606.ENSP00000228682,9606.ENSP00000275493,566
9606.ENSP00000228682,9606.ENSP00000288135,536
9606.ENSP00000228682,9606.ENSP00000269571,448
9606.ENSP00000228682,9606.ENSP00000428924,427
9606.ENSP00000228682,9606.ENSP00000257290,711
9606.ENSP00000228682,9606.ENSP00000361423,353
9606.ENSP00000228682,9606.ENSP00000263967,310
9606.ENSP00000228682,9606.ENSP00000393312,435
9606.ENSP00000228682,9606.ENSP00000317272,370
9606.ENSP00000228682,9606.ENSP00000371067,332
9606.ENSP00000228682,9606.ENSP00000261799,504
9606.ENSP00000228682,9606.ENSP00000263923,409
9606.ENSP00000228682,9606.ENSP00000362680,391
9606.ENSP00000228799,9606.ENSP00000354558,549
9606.ENSP00000228837,9606.ENSP00000362680,517
9606.ENSP00000228837,9606.ENSP00000263923,929
9606.ENSP00000228837,9606.ENSP00000373700,334
9606.ENSP00000228837,9606.ENSP00000261799,894
9606.ENSP00000228837,9606.ENSP00000371067,325
9606.ENSP00000228837,9606.ENSP00000317272,865
9606.ENSP00000228837,9606.ENSP00000393312,999
9606.ENSP00000228837,9606.ENSP00000263967,556
9606.ENSP00000228837,9606.ENSP00000257290,863
9606.ENSP00000228837,9606.ENSP00000269571,822
9606.ENSP00000228837,9606.ENSP00000288135,848
9606.ENSP00000228837,9606.ENSP00000261937,912
9606.ENSP00000228837,9606.ENSP00000275493,924
9606.ENSP00000228837,9606.ENSP00000282397,875
9606.ENSP00000228837,9606.ENSP00000354558,491
9606.ENSP00000228837,9606.ENSP00000302486,387
9606.ENSP00000228841,9606.ENSP00000257290,321
9606.ENSP00000228841,9606.ENSP00000362680,359
9606.ENSP00000228841,9606.ENSP00000263923,409
9606.ENSP00000228872,9606.ENSP00000371067,725
9606.ENSP00000228872,9606.ENSP00000231948,915
9606.ENSP00000228872,9606.ENSP00000317272,354
9606.ENSP00000228872,9606.ENSP00000419260,469
9606.ENSP00000228872,9606.ENSP00000263967,568
9606.ENSP00000228872,9606.ENSP00000393312,326
9606.ENSP00000228872,9606.ENSP00000362680,838
9606.ENSP00000228872,9606.ENSP00000263923,338
9606.ENSP00000228872,9606.ENSP00000373700,305
9606.ENSP00000228872,9606.ENSP00000261799,306
9606.ENSP00000228872,9606.ENSP00000275493,736
9606.ENSP00000228872,9606.ENSP00000354558,533
9606.ENSP00000228872,9606.ENSP00000302486,458
9606.ENSP00000228872,9606.ENSP00000428924,654
9606.ENSP00000228872,9606.ENSP00000499900,336
9606.ENSP00000228872,9606.ENSP00000361423,746
9606.ENSP00000228872,9606.ENSP00000269571,739
9606.ENSP00000228872,9606.ENSP00000288135,452
9606.ENSP00000228887,9606.ENSP00000231948,357
9606.ENSP00000228928,9606.ENSP00000499900,377
9606.ENSP00000228938,9606.ENSP00000261799,303
9606.ENSP00000228945,9606.ENSP00000428924,365
9606.ENSP00000228945,9606.ENSP00000362680,319
9606.ENSP00000229002,9606.ENSP00000317272,316
9606.ENSP00000229134,9606.ENSP00000371067,308
9606.ENSP00000229134,9606.ENSP00000499900,687
9606.ENSP00000229135,9606.ENSP00000346671,458
9606.ENSP00000229135,9606.ENSP00000354558,610
9606.ENSP00000229135,9606.ENSP00000282397,466
9606.ENSP00000229135,9606.ENSP00000275493,876
9606.ENSP00000229135,9606.ENSP00000302486,437
9606.ENSP00000229135,9606.ENSP00000477713,749
9606.ENSP00000229135,9606.ENSP00000269571,647
9606.ENSP00000229135,9606.ENSP00000361423,423
9606.ENSP00000229135,9606.ENSP00000499900,993
9606.ENSP00000229135,9606.ENSP00000428924,547
9606.ENSP00000229135,9606.ENSP00000257290,784
9606.ENSP00000229135,9606.ENSP00000288135,609
9606.ENSP00000229135,9606.ENSP00000432511,641
9606.ENSP00000229135,9606.ENSP00000261937,374
9606.ENSP00000229135,9606.ENSP00000317272,405
9606.ENSP00000229135,9606.ENSP00000371067,998
9606.ENSP00000229135,9606.ENSP00000483570,669
9606.ENSP00000229135,9606.ENSP00000263967,349
9606.ENSP00000229135,9606.ENSP00000419260,577
9606.ENSP00000229135,9606.ENSP00000263923,523
9606.ENSP00000229135,9606.ENSP00000362680,607
9606.ENSP00000229135,9606.ENSP00000261799,797
9606.ENSP00000229135,9606.ENSP00000373700,405
9606.ENSP00000229135,9606.ENSP00000262948,396
9606.ENSP00000229264,9606.ENSP00000354558,379
9606.ENSP00000229264,9606.ENSP00000483570,557
9606.ENSP00000229264,9606.ENSP00000419260,653
9606.ENSP00000229264,9606.ENSP00000263967,669
9606.ENSP00000229264,9606.ENSP00000362680,552
9606.ENSP00000229268,9606.ENSP00000477713,347
9606.ENSP00000229270,9606.ENSP00000275493,548
9606.ENSP00000229270,9606.ENSP00000477713,356
9606.ENSP00000229281,9606.ENSP00000477713,410
9606.ENSP00000229307,9606.ENSP00000263923,546
9606.ENSP00000229307,9606.ENSP00000362680,430
9606.ENSP00000229307,9606.ENSP00000261799,400
9606.ENSP00000229307,9606.ENSP00000393312,371
9606.ENSP00000229307,9606.ENSP00000317272,456
9606.ENSP00000229307,9606.ENSP00000231948,311
9606.ENSP00000229307,9606.ENSP00000371067,370
9606.ENSP00000229307,9606.ENSP00000288135,654
9606.ENSP00000229307,9606.ENSP00000269571,478
9606.ENSP00000229307,9606.ENSP00000257290,524
9606.ENSP00000229307,9606.ENSP00000302486,347
9606.ENSP00000229307,9606.ENSP00000354558,376
9606.ENSP00000229307,9606.ENSP00000282397,307
9606.ENSP00000229307,9606.ENSP00000275493,547
9606.ENSP00000229335,9606.ENSP00000483570,493
9606.ENSP00000229340,9606.ENSP00000275493,385
9606.ENSP00000229395,9606.ENSP00000393312,886
9606.ENSP00000229395,9606.ENSP00000263967,699
9606.ENSP00000229395,9606.ENSP00000361423,446
9606.ENSP00000229402,9606.ENSP00000477713,671
9606.ENSP00000229402,9606.ENSP00000288135,485
9606.ENSP00000229595,9606.ENSP00000432511,303
9606.ENSP00000229595,9606.ENSP00000499900,327
9606.ENSP00000229595,9606.ENSP00000371067,314
9606.ENSP00000229708,9606.ENSP00000371067,497
9606.ENSP00000229758,9606.ENSP00000362680,336
9606.ENSP00000229771,9606.ENSP00000346671,408
9606.ENSP00000229795,9606.ENSP00000371067,361
9606.ENSP00000229795,9606.ENSP00000419260,380
9606.ENSP00000229795,9606.ENSP00000263967,552
9606.ENSP00000229795,9606.ENSP00000261799,451
9606.ENSP00000229795,9606.ENSP00000262948,951
9606.ENSP00000229795,9606.ENSP00000263923,620
9606.ENSP00000229795,9606.ENSP00000362680,818
9606.ENSP00000229795,9606.ENSP00000354558,554
9606.ENSP00000229795,9606.ENSP00000275493,799
9606.ENSP00000229795,9606.ENSP00000302486,970
9606.ENSP00000229795,9606.ENSP00000346671,749
9606.ENSP00000229795,9606.ENSP00000269571,491
9606.ENSP00000229795,9606.ENSP00000257290,347
9606.ENSP00000229795,9606.ENSP00000361423,635
9606.ENSP00000229795,9606.ENSP00000432511,551
9606.ENSP00000229812,9606.ENSP00000354558,609
9606.ENSP00000229812,9606.ENSP00000231948,360
9606.ENSP00000229922,9606.ENSP00000361423,597
9606.ENSP00000230036,9606.ENSP00000428924,444
9606.ENSP00000230321,9606.ENSP00000393312,420
9606.ENSP00000230354,9606.ENSP00000362680,311
9606.ENSP00000230354,9606.ENSP00000263967,398
9606.ENSP00000230354,9606.ENSP00000269571,317
9606.ENSP00000230354,9606.ENSP00000275493,323
9606.ENSP00000230449,9606.ENSP00000275493,642
9606.ENSP00000230461,9606.ENSP00000302486,464
9606.ENSP00000230538,9606.ENSP00000261799,311
9606.ENSP00000230538,9606.ENSP00000317272,464
9606.ENSP00000230538,9606.ENSP00000257290,407
9606.ENSP00000230538,9606.ENSP00000282397,445
9606.ENSP00000230538,9606.ENSP00000275493,379
9606.ENSP00000230658,9606.ENSP00000257290,490
9606.ENSP00000230658,9606.ENSP00000288135,617
9606.ENSP00000230658,9606.ENSP00000263923,550
9606.ENSP00000230658,9606.ENSP00000393312,311
9606.ENSP00000230990,9606.ENSP00000346671,480
9606.ENSP00000230990,9606.ENSP00000275493,999
9606.ENSP00000230990,9606.ENSP00000317272,411
9606.ENSP00000230990,9606.ENSP00000282397,539
9606.ENSP00000230990,9606.ENSP00000302486,345
9606.ENSP00000230990,9606.ENSP00000263967,513
9606.ENSP00000230990,9606.ENSP00000393312,300
9606.ENSP00000230990,9606.ENSP00000362680,809
9606.ENSP00000230990,9606.ENSP00000257290,369
9606.ENSP00000230990,9606.ENSP00000269571,944
9606.ENSP00000230990,9606.ENSP00000263923,549
9606.ENSP00000230990,9606.ENSP00000288135,332
9606.ENSP00000230990,9606.ENSP00000261799,636
9606.ENSP00000231004,9606.ENSP00000263967,309
9606.ENSP00000231004,9606.ENSP00000317272,416
9606.ENSP00000231004,9606.ENSP00000371067,314
9606.ENSP00000231004,9606.ENSP00000263923,415
9606.ENSP00000231004,9606.ENSP00000362680,509
9606.ENSP00000231004,9606.ENSP00000261799,485
9606.ENSP00000231004,9606.ENSP00000302486,348
9606.ENSP00000231004,9606.ENSP00000477713,362
9606.ENSP00000231004,9606.ENSP00000354558,621
9606.ENSP00000231004,9606.ENSP00000282397,602
9606.ENSP00000231004,9606.ENSP00000275493,710
9606.ENSP00000231004,9606.ENSP00000288135,362
9606.ENSP00000231004,9606.ENSP00000269571,474
9606.ENSP00000231004,9606.ENSP00000257290,499
9606.ENSP00000231009,9606.ENSP00000477713,587
9606.ENSP00000231061,9606.ENSP00000282397,624
9606.ENSP00000231061,9606.ENSP00000275493,570
9606.ENSP00000231061,9606.ENSP00000269571,321
9606.ENSP00000231061,9606.ENSP00000257290,395
9606.ENSP00000231061,9606.ENSP00000393312,327
9606.ENSP00000231061,9606.ENSP00000263923,628
9606.ENSP00000231061,9606.ENSP00000362680,313
9606.ENSP00000231061,9606.ENSP00000261799,469
9606.ENSP00000231228,9606.ENSP00000275493,666
9606.ENSP00000231228,9606.ENSP00000371067,639
9606.ENSP00000231228,9606.ENSP00000257290,686
9606.ENSP00000231228,9606.ENSP00000499900,555
9606.ENSP00000231228,9606.ENSP00000261799,673
9606.ENSP00000231449,9606.ENSP00000346671,399
9606.ENSP00000231449,9606.ENSP00000302486,319
9606.ENSP00000231449,9606.ENSP00000477713,669
9606.ENSP00000231449,9606.ENSP00000354558,744
9606.ENSP00000231449,9606.ENSP00000282397,402
9606.ENSP00000231449,9606.ENSP00000275493,820
9606.ENSP00000231449,9606.ENSP00000288135,589
9606.ENSP00000231449,9606.ENSP00000432511,998
9606.ENSP00000231449,9606.ENSP00000269571,470
9606.ENSP00000231449,9606.ENSP00000361423,553
9606.ENSP00000231449,9606.ENSP00000499900,997
9606.ENSP00000231449,9606.ENSP00000257290,756
9606.ENSP00000231449,9606.ENSP00000428924,450
9606.ENSP00000231449,9606.ENSP00000419260,375
9606.ENSP00000231449,9606.ENSP00000263967,435
9606.ENSP00000231449,9606.ENSP00000317272,340
9606.ENSP00000231449,9606.ENSP00000371067,856
9606.ENSP00000231449,9606.ENSP00000483570,449
9606.ENSP00000231449,9606.ENSP00000263923,531
9606.ENSP00000231449,9606.ENSP00000362680,509
9606.ENSP00000231449,9606.ENSP00000261799,757
9606.ENSP00000231449,9606.ENSP00000373700,310
9606.ENSP00000231454,9606.ENSP00000261799,730
9606.ENSP00000231454,9606.ENSP00000257290,775
9606.ENSP00000231454,9606.ENSP00000428924,347
9606.ENSP00000231454,9606.ENSP00000499900,674
9606.ENSP00000231454,9606.ENSP00000362680,325
9606.ENSP00000231454,9606.ENSP00000432511,654
9606.ENSP00000231454,9606.ENSP00000288135,519
9606.ENSP00000231454,9606.ENSP00000275493,762
9606.ENSP00000231454,9606.ENSP00000371067,889
9606.ENSP00000231454,9606.ENSP00000282397,310
9606.ENSP00000231454,9606.ENSP00000263967,441
9606.ENSP00000231454,9606.ENSP00000477713,370
9606.ENSP00000231484,9606.ENSP00000263923,329
9606.ENSP00000231487,9606.ENSP00000354558,309
9606.ENSP00000231487,9606.ENSP00000275493,583
9606.ENSP00000231487,9606.ENSP00000231948,580
9606.ENSP00000231487,9606.ENSP00000371067,583
9606.ENSP00000231487,9606.ENSP00000362680,302
9606.ENSP00000231509,9606.ENSP00000346671,468
9606.ENSP00000231509,9606.ENSP00000477713,466
9606.ENSP00000231509,9606.ENSP00000275493,870
9606.ENSP00000231509,9606.ENSP00000354558,380
9606.ENSP00000231509,9606.ENSP00000288135,537
9606.ENSP00000231509,9606.ENSP00000499900,394
9606.ENSP00000231509,9606.ENSP00000361423,300
9606.ENSP00000231509,9606.ENSP00000269571,365
9606.ENSP00000231509,9606.ENSP00000263967,315
9606.ENSP00000231509,9606.ENSP00000371067,385
9606.ENSP00000231509,9606.ENSP00000362680,447
9606.ENSP00000231509,9606.ENSP00000263923,315
9606.ENSP00000231524,9606.ENSP00000317272,356
9606.ENSP00000231572,9606.ENSP00000275493,321
9606.ENSP00000231656,9606.ENSP00000261799,525
9606.ENSP00000231721,9606.ENSP00000263923,303
9606.ENSP00000231721,9606.ENSP00000317272,338
9606.ENSP00000231751,9606.ENSP00000269571,304
9606.ENSP00000231751,9606.ENSP00000275493,343
9606.ENSP00000231751,9606.ENSP00000231948,454
9606.ENSP00000231790,9606.ENSP00000275493,621
9606.ENSP00000231790,9606.ENSP00000302486,301
9606.ENSP00000231790,9606.ENSP00000269571,624
9606.ENSP00000231790,9606.ENSP00000361423,481
9606.ENSP00000231790,9606.ENSP00000257290,477
9606.ENSP00000231790,9606.ENSP00000288135,480
9606.ENSP00000231790,9606.ENSP00000432511,460
9606.ENSP00000231790,9606.ENSP00000317272,312
9606.ENSP00000231790,9606.ENSP00000371067,450
9606.ENSP00000231790,9606.ENSP00000263967,789
9606.ENSP00000231790,9606.ENSP00000393312,448
9606.ENSP00000231790,9606.ENSP00000263923,430
9606.ENSP00000231790,9606.ENSP00000362680,385
9606.ENSP00000231790,9606.ENSP00000373700,552
9606.ENSP00000231887,9606.ENSP00000275493,304
9606.ENSP00000231948,9606.ENSP00000254436,380
9606.ENSP00000231948,9606.ENSP00000225792,308
9606.ENSP00000231948,9606.ENSP00000370208,594
9606.ENSP00000231948,9606.ENSP00000482030,406
9606.ENSP00000231948,9606.ENSP00000247153,329
9606.ENSP00000231948,9606.ENSP00000384109,999
9606.ENSP00000231948,9606.ENSP00000340505,305
9606.ENSP00000231948,9606.ENSP00000357052,934
9606.ENSP00000231948,9606.ENSP00000368835,333
9606.ENSP00000231948,9606.ENSP00000358474,311
9606.ENSP00000231948,9606.ENSP00000259915,305
9606.ENSP00000231948,9606.ENSP00000293805,355
9606.ENSP00000231948,9606.ENSP00000264414,382
9606.ENSP00000231948,9606.ENSP00000316357,407
9606.ENSP00000231948,9606.ENSP00000360167,557
9606.ENSP00000231948,9606.ENSP00000325919,359
9606.ENSP00000231948,9606.ENSP00000462745,582
9606.ENSP00000231948,9606.ENSP00000376808,305
9606.ENSP00000231948,9606.ENSP00000360242,302
9606.ENSP00000231948,9606.ENSP00000428223,309
9606.ENSP00000231948,9606.ENSP00000223321,309
9606.ENSP00000231948,9606.ENSP00000297579,900
9606.ENSP00000231948,9606.ENSP00000257904,315
9606.ENSP00000231948,9606.ENSP00000412869,305
9606.ENSP00000231948,9606.ENSP00000262525,664
9606.ENSP00000231948,9606.ENSP00000478887,506
9606.ENSP00000231948,9606.ENSP00000387822,341
9606.ENSP00000231948,9606.ENSP00000265734,306
9606.ENSP00000231948,9606.ENSP00000258774,389
9606.ENSP00000231948,9606.ENSP00000462729,408
9606.ENSP00000231948,9606.ENSP00000380638,403
9606.ENSP00000231948,9606.ENSP00000301764,999
9606.ENSP00000231948,9606.ENSP00000226730,353
9606.ENSP00000231948,9606.ENSP00000365804,548
9606.ENSP00000231948,9606.ENSP00000249396,711
9606.ENSP00000231948,9606.ENSP00000216225,999
9606.ENSP00000231948,9606.ENSP00000331614,999
9606.ENSP00000231948,9606.ENSP00000381185,330
9606.ENSP00000231948,9606.ENSP00000309689,311
9606.ENSP00000231948,9606.ENSP00000365230,325
9606.ENSP00000231948,9606.ENSP00000441065,641
9606.ENSP00000231948,9606.ENSP00000456340,965
9606.ENSP00000231948,9606.ENSP00000254337,965
9606.ENSP00000231948,9606.ENSP00000363822,351
9606.ENSP00000231948,9606.ENSP00000467286,518
9606.ENSP00000231948,9606.ENSP00000410083,322
9606.ENSP00000231948,9606.ENSP00000290158,314
9606.ENSP00000231948,9606.ENSP00000435096,321
9606.ENSP00000231948,9606.ENSP00000401888,350
9606.ENSP00000231948,9606.ENSP00000239690,619
9606.ENSP00000231948,9606.ENSP00000369127,354
9606.ENSP00000231948,9606.ENSP00000293771,625
9606.ENSP00000231948,9606.ENSP00000355114,909
9606.ENSP00000231948,9606.ENSP00000216911,302
9606.ENSP00000231948,9606.ENSP00000338157,391
9606.ENSP00000231948,9606.ENSP00000358022,654
9606.ENSP00000231948,9606.ENSP00000483570,836
9606.ENSP00000231948,9606.ENSP00000379683,308
9606.ENSP00000231948,9606.ENSP00000229307,311
9606.ENSP00000231948,9606.ENSP00000355958,923
9606.ENSP00000231948,9606.ENSP00000373647,602
9606.ENSP00000231948,9606.ENSP00000378284,303
9606.ENSP00000231948,9606.ENSP00000251607,512
9606.ENSP00000231948,9606.ENSP00000453793,838
9606.ENSP00000231948,9606.ENSP00000350512,879
9606.ENSP00000231948,9606.ENSP00000379888,306
9606.ENSP00000231948,9606.ENSP00000371067,435
9606.ENSP00000231948,9606.ENSP00000386880,446
9606.ENSP00000231948,9606.ENSP00000433623,405
9606.ENSP00000231948,9606.ENSP00000256996,958
9606.ENSP00000231948,9606.ENSP00000283006,426
9606.ENSP00000231948,9606.ENSP00000424544,918
9606.ENSP00000231948,9606.ENSP00000256443,349
9606.ENSP00000231948,9606.ENSP00000376352,319
9606.ENSP00000231948,9606.ENSP00000325018,666
9606.ENSP00000231948,9606.ENSP00000257430,309
9606.ENSP00000231948,9606.ENSP00000352928,938
9606.ENSP00000231948,9606.ENSP00000374455,378
9606.ENSP00000231948,9606.ENSP00000301019,636
9606.ENSP00000231948,9606.ENSP00000478289,301
9606.ENSP00000231948,9606.ENSP00000415556,922
9606.ENSP00000231948,9606.ENSP00000217086,894
9606.ENSP00000231948,9606.ENSP00000262306,325
9606.ENSP00000231948,9606.ENSP00000338290,431
9606.ENSP00000231948,9606.ENSP00000244061,541
9606.ENSP00000231948,9606.ENSP00000385385,308
9606.ENSP00000231948,9606.ENSP00000295256,437
9606.ENSP00000231948,9606.ENSP00000346340,824
9606.ENSP00000231948,9606.ENSP00000263377,978
9606.ENSP00000231948,9606.ENSP00000260731,329
9606.ENSP00000231948,9606.ENSP00000349722,507
9606.ENSP00000231948,9606.ENSP00000269305,595
9606.ENSP00000231948,9606.ENSP00000371682,956
9606.ENSP00000231948,9606.ENSP00000360609,447
9606.ENSP00000231948,9606.ENSP00000228887,357
9606.ENSP00000231948,9606.ENSP00000374529,377
9606.ENSP00000231948,9606.ENSP00000419765,489
9606.ENSP00000231948,9606.ENSP00000499020,415
9606.ENSP00000231948,9606.ENSP00000360266,710
9606.ENSP00000231948,9606.ENSP00000339030,988
9606.ENSP00000231948,9606.ENSP00000313582,661
9606.ENSP00000231948,9606.ENSP00000266735,311
9606.ENSP00000231948,9606.ENSP00000351777,347
9606.ENSP00000231948,9606.ENSP00000266376,301
9606.ENSP00000231948,9606.ENSP00000261798,997
9606.ENSP00000231948,9606.ENSP00000365458,523
9606.ENSP00000231948,9606.ENSP00000346148,526
9606.ENSP00000231948,9606.ENSP00000324806,367
9606.ENSP00000231948,9606.ENSP00000357565,316
9606.ENSP00000231948,9606.ENSP00000494831,313
9606.ENSP00000231948,9606.ENSP00000477613,397
9606.ENSP00000231948,9606.ENSP00000264033,446
9606.ENSP00000231948,9606.ENSP00000313601,802
9606.ENSP00000231948,9606.ENSP00000290541,605
9606.ENSP00000231948,9606.ENSP00000265593,403
9606.ENSP00000231948,9606.ENSP00000363641,336
9606.ENSP00000231948,9606.ENSP00000449785,308
9606.ENSP00000231948,9606.ENSP00000355325,311
9606.ENSP00000231948,9606.ENSP00000373979,322
9606.ENSP00000231948,9606.ENSP00000259469,323
9606.ENSP00000231948,9606.ENSP00000338413,531
9606.ENSP00000231948,9606.ENSP00000262320,347
9606.ENSP00000231948,9606.ENSP00000370343,633
9606.ENSP00000231948,9606.ENSP00000426387,507
9606.ENSP00000231948,9606.ENSP00000365693,396
9606.ENSP00000231948,9606.ENSP00000256474,576
9606.ENSP00000231948,9606.ENSP00000220592,635
9606.ENSP00000231948,9606.ENSP00000478121,482
9606.ENSP00000231948,9606.ENSP00000379839,376
9606.ENSP00000231948,9606.ENSP00000313454,322
9606.ENSP00000231948,9606.ENSP00000216479,374
9606.ENSP00000231948,9606.ENSP00000453089,575
9606.ENSP00000231948,9606.ENSP00000300101,470
9606.ENSP00000231948,9606.ENSP00000380178,681
9606.ENSP00000231948,9606.ENSP00000326804,730
9606.ENSP00000231948,9606.ENSP00000229812,360
9606.ENSP00000231948,9606.ENSP00000347324,345
9606.ENSP00000231948,9606.ENSP00000495556,300
9606.ENSP00000231948,9606.ENSP00000353128,557
9606.ENSP00000231948,9606.ENSP00000300093,435
9606.ENSP00000231948,9606.ENSP00000313034,903
9606.ENSP00000231948,9606.ENSP00000373700,302
9606.ENSP00000231948,9606.ENSP00000286628,917
9606.ENSP00000231948,9606.ENSP00000335153,619
9606.ENSP00000231948,9606.ENSP00000417132,315
9606.ENSP00000231948,9606.ENSP00000424655,836
9606.ENSP00000231948,9606.ENSP00000356421,469
9606.ENSP00000231948,9606.ENSP00000222547,316
9606.ENSP00000231948,9606.ENSP00000378702,606
9606.ENSP00000231948,9606.ENSP00000378181,354
9606.ENSP00000231948,9606.ENSP00000296498,846
9606.ENSP00000231948,9606.ENSP00000277865,311
9606.ENSP00000231948,9606.ENSP00000362110,302
9606.ENSP00000231948,9606.ENSP00000405222,582
9606.ENSP00000231948,9606.ENSP00000483236,905
9606.ENSP00000231948,9606.ENSP00000363019,806
9606.ENSP00000231948,9606.ENSP00000266087,603
9606.ENSP00000231948,9606.ENSP00000359385,801
9606.ENSP00000231948,9606.ENSP00000220751,419
9606.ENSP00000231948,9606.ENSP00000357022,441
9606.ENSP00000231948,9606.ENSP00000373304,400
9606.ENSP00000231948,9606.ENSP00000281156,326
9606.ENSP00000231948,9606.ENSP00000384371,456
9606.ENSP00000231948,9606.ENSP00000428982,330
9606.ENSP00000231948,9606.ENSP00000317971,623
9606.ENSP00000231948,9606.ENSP00000358458,434
9606.ENSP00000231948,9606.ENSP00000497509,669
9606.ENSP00000231948,9606.ENSP00000484810,566
9606.ENSP00000231948,9606.ENSP00000359988,307
9606.ENSP00000231948,9606.ENSP00000253363,655
9606.ENSP00000231948,9606.ENSP00000356814,925
9606.ENSP00000231948,9606.ENSP00000433919,321
9606.ENSP00000231948,9606.ENSP00000370542,390
9606.ENSP00000231948,9606.ENSP00000226279,370
9606.ENSP00000231948,9606.ENSP00000323670,305
9606.ENSP00000231948,9606.ENSP00000341351,914
9606.ENSP00000231948,9606.ENSP00000284981,358
9606.ENSP00000231948,9606.ENSP00000381736,302
9606.ENSP00000231948,9606.ENSP00000268717,816
9606.ENSP00000231948,9606.ENSP00000345575,310
9606.ENSP00000231948,9606.ENSP00000294383,412
9606.ENSP00000231948,9606.ENSP00000364885,581
9606.ENSP00000231948,9606.ENSP00000358335,346
9606.ENSP00000231948,9606.ENSP00000216038,306
9606.ENSP00000231948,9606.ENSP00000239938,375
9606.ENSP00000231948,9606.ENSP00000262039,318
9606.ENSP00000231948,9606.ENSP00000391200,712
9606.ENSP00000231948,9606.ENSP00000314499,354
9606.ENSP00000231948,9606.ENSP00000353826,826
9606.ENSP00000231948,9606.ENSP00000384851,341
9606.ENSP00000231948,9606.ENSP00000340672,415
9606.ENSP00000231948,9606.ENSP00000231487,580
9606.ENSP00000231948,9606.ENSP00000290277,357
9606.ENSP00000231948,9606.ENSP00000296503,306
9606.ENSP00000231948,9606.ENSP00000364404,900
9606.ENSP00000231948,9606.ENSP00000348419,677
9606.ENSP00000231948,9606.ENSP00000464813,360
9606.ENSP00000231948,9606.ENSP00000351990,421
9606.ENSP00000231948,9606.ENSP00000336868,399
9606.ENSP00000231948,9606.ENSP00000338272,441
9606.ENSP00000231948,9606.ENSP00000357881,309
9606.ENSP00000231948,9606.ENSP00000299259,804
9606.ENSP00000231948,9606.ENSP00000369786,349
9606.ENSP00000231948,9606.ENSP00000383003,671
9606.ENSP00000231948,9606.ENSP00000254108,312
9606.ENSP00000231948,9606.ENSP00000351147,912
9606.ENSP00000231948,9606.ENSP00000398131,990
9606.ENSP00000231948,9606.ENSP00000419060,466
9606.ENSP00000231948,9606.ENSP00000442318,317
9606.ENSP00000231948,9606.ENSP00000370989,302
9606.ENSP00000231948,9606.ENSP00000323867,311
9606.ENSP00000231948,9606.ENSP00000013070,478
9606.ENSP00000231948,9606.ENSP00000366953,917
9606.ENSP00000231948,9606.ENSP00000346050,351
9606.ENSP00000231948,9606.ENSP00000446039,772
9606.ENSP00000231948,9606.ENSP00000441823,388
9606.ENSP00000231948,9606.ENSP00000362820,303
9606.ENSP00000231948,9606.ENSP00000304102,814
9606.ENSP00000231948,9606.ENSP00000321584,337
9606.ENSP00000231948,9606.ENSP00000484288,323
9606.ENSP00000231948,9606.ENSP00000364589,999
9606.ENSP00000231948,9606.ENSP00000479904,405
9606.ENSP00000231948,9606.ENSP00000369774,664
9606.ENSP00000231948,9606.ENSP00000321797,632
9606.ENSP00000231948,9606.ENSP00000272317,454
9606.ENSP00000231948,9606.ENSP00000316496,554
9606.ENSP00000231948,9606.ENSP00000285737,856
9606.ENSP00000231948,9606.ENSP00000272223,310
9606.ENSP00000231948,9606.ENSP00000359206,354
9606.ENSP00000231948,9606.ENSP00000431926,900
9606.ENSP00000231948,9606.ENSP00000393183,919
9606.ENSP00000231948,9606.ENSP00000326095,407
9606.ENSP00000231948,9606.ENSP00000355011,357
9606.ENSP00000231948,9606.ENSP00000256078,316
9606.ENSP00000231948,9606.ENSP00000318297,302
9606.ENSP00000231948,9606.ENSP00000451291,304
9606.ENSP00000231948,9606.ENSP00000414095,516
9606.ENSP00000231948,9606.ENSP00000387757,331
9606.ENSP00000231948,9606.ENSP00000406286,306
9606.ENSP00000231948,9606.ENSP00000362361,490
9606.ENSP00000231948,9606.ENSP00000369075,430
9606.ENSP00000231948,9606.ENSP00000251020,370
9606.ENSP00000231948,9606.ENSP00000228872,915
9606.ENSP00000231948,9606.ENSP00000273480,366
9606.ENSP00000231948,9606.ENSP00000307900,812
9606.ENSP00000231948,9606.ENSP00000273853,370
9606.ENSP00000231948,9606.ENSP00000366997,377
9606.ENSP00000231948,9606.ENSP00000260187,327
9606.ENSP00000231948,9606.ENSP00000370222,328
9606.ENSP00000231948,9606.ENSP00000333769,679
9606.ENSP00000231948,9606.ENSP00000497594,312
9606.ENSP00000231948,9606.ENSP00000469534,418
9606.ENSP00000231948,9606.ENSP00000264731,388
9606.ENSP00000231948,9606.ENSP00000245615,400
9606.ENSP00000231948,9606.ENSP00000419153,425
9606.ENSP00000231948,9606.ENSP00000362018,430
9606.ENSP00000231948,9606.ENSP00000356641,901
9606.ENSP00000231948,9606.ENSP00000265038,900
9606.ENSP00000231948,9606.ENSP00000252015,905
9606.ENSP00000231948,9606.ENSP00000343535,492
9606.ENSP00000231948,9606.ENSP00000361423,418
9606.ENSP00000231948,9606.ENSP00000495360,444
9606.ENSP00000231948,9606.ENSP00000380602,380
9606.ENSP00000231948,9606.ENSP00000305918,595
9606.ENSP00000231948,9606.ENSP00000365019,308
9606.ENSP00000231948,9606.ENSP00000258149,700
9606.ENSP00000231948,9606.ENSP00000354340,378
9606.ENSP00000231948,9606.ENSP00000307863,303
9606.ENSP00000231948,9606.ENSP00000327796,554
9606.ENSP00000231948,9606.ENSP00000250495,882
9606.ENSP00000231948,9606.ENSP00000376167,751
9606.ENSP00000231948,9606.ENSP00000339867,797
9606.ENSP00000231948,9606.ENSP00000426503,353
9606.ENSP00000231948,9606.ENSP00000434602,458
9606.ENSP00000231948,9606.ENSP00000325312,624
9606.ENSP00000231948,9606.ENSP00000314901,420
9606.ENSP00000231948,9606.ENSP00000303532,504
9606.ENSP00000231948,9606.ENSP00000231751,454
9606.ENSP00000231948,9606.ENSP00000263464,554
9606.ENSP00000231948,9606.ENSP00000367686,386
9606.ENSP00000231948,9606.ENSP00000253023,503
9606.ENSP00000231948,9606.ENSP00000344544,999
9606.ENSP00000231948,9606.ENSP00000479494,371
9606.ENSP00000231948,9606.ENSP00000264552,328
9606.ENSP00000231948,9606.ENSP00000482632,661
9606.ENSP00000231948,9606.ENSP00000421863,467
9606.ENSP00000231948,9606.ENSP00000356468,333
9606.ENSP00000232003,9606.ENSP00000419260,317
9606.ENSP00000232375,9606.ENSP00000354558,398
9606.ENSP00000232424,9606.ENSP00000371067,445
9606.ENSP00000232501,9606.ENSP00000354558,792
9606.ENSP00000232501,9606.ENSP00000263967,331
9606.ENSP00000232564,9606.ENSP00000483570,582
9606.ENSP00000232564,9606.ENSP00000419260,688
9606.ENSP00000232564,9606.ENSP00000263967,810
9606.ENSP00000232564,9606.ENSP00000362680,580
9606.ENSP00000232607,9606.ENSP00000275493,304
9606.ENSP00000232974,9606.ENSP00000263967,371
9606.ENSP00000233027,9606.ENSP00000257290,343
9606.ENSP00000233057,9606.ENSP00000499900,675
9606.ENSP00000233057,9606.ENSP00000354558,476
9606.ENSP00000233057,9606.ENSP00000261799,372
9606.ENSP00000233057,9606.ENSP00000483570,427
9606.ENSP00000233121,9606.ENSP00000362680,556
9606.ENSP00000233146,9606.ENSP00000373700,437
9606.ENSP00000233146,9606.ENSP00000263967,618
9606.ENSP00000233146,9606.ENSP00000269571,728
9606.ENSP00000233146,9606.ENSP00000257290,336
9606.ENSP00000233146,9606.ENSP00000288135,403
9606.ENSP00000233146,9606.ENSP00000354558,310
9606.ENSP00000233146,9606.ENSP00000275493,572
9606.ENSP00000233154,9606.ENSP00000362680,735
9606.ENSP00000233154,9606.ENSP00000263923,741
9606.ENSP00000233154,9606.ENSP00000350896,669
9606.ENSP00000233154,9606.ENSP00000261799,842
9606.ENSP00000233154,9606.ENSP00000428924,481
9606.ENSP00000233154,9606.ENSP00000257290,539
9606.ENSP00000233154,9606.ENSP00000269571,470
9606.ENSP00000233154,9606.ENSP00000346671,614
9606.ENSP00000233154,9606.ENSP00000275493,879
9606.ENSP00000233242,9606.ENSP00000263923,494
9606.ENSP00000233242,9606.ENSP00000282397,520
9606.ENSP00000233242,9606.ENSP00000275493,673
9606.ENSP00000233242,9606.ENSP00000288135,352
9606.ENSP00000233668,9606.ENSP00000269571,337
9606.ENSP00000233668,9606.ENSP00000428924,655
9606.ENSP00000233668,9606.ENSP00000361423,934
9606.ENSP00000233668,9606.ENSP00000362680,587
9606.ENSP00000233668,9606.ENSP00000288135,590
9606.ENSP00000233668,9606.ENSP00000275493,666
9606.ENSP00000233668,9606.ENSP00000346671,327
9606.ENSP00000233809,9606.ENSP00000373700,321
9606.ENSP00000233809,9606.ENSP00000269571,600
9606.ENSP00000233809,9606.ENSP00000275493,746
9606.ENSP00000233813,9606.ENSP00000257290,396
9606.ENSP00000233813,9606.ENSP00000269571,304
9606.ENSP00000233813,9606.ENSP00000275493,369
9606.ENSP00000233813,9606.ENSP00000354558,340
9606.ENSP00000233813,9606.ENSP00000373700,436
9606.ENSP00000233813,9606.ENSP00000261799,360
9606.ENSP00000233840,9606.ENSP00000275493,463
9606.ENSP00000233840,9606.ENSP00000269571,302
9606.ENSP00000233954,9606.ENSP00000275493,369
9606.ENSP00000233954,9606.ENSP00000288135,814
9606.ENSP00000233969,9606.ENSP00000362680,410
9606.ENSP00000233969,9606.ENSP00000361423,329
9606.ENSP00000233997,9606.ENSP00000373700,335
9606.ENSP00000234091,9606.ENSP00000362680,335
9606.ENSP00000234091,9606.ENSP00000477713,400
9606.ENSP00000234091,9606.ENSP00000346671,428
9606.ENSP00000234091,9606.ENSP00000257290,358
9606.ENSP00000234091,9606.ENSP00000288135,438
9606.ENSP00000234111,9606.ENSP00000362680,561
9606.ENSP00000234111,9606.ENSP00000275493,301
9606.ENSP00000234111,9606.ENSP00000354558,371
9606.ENSP00000234160,9606.ENSP00000302486,313
9606.ENSP00000234198,9606.ENSP00000393312,375
9606.ENSP00000234198,9606.ENSP00000275493,529
9606.ENSP00000234198,9606.ENSP00000257290,420
9606.ENSP00000234310,9606.ENSP00000302486,361
9606.ENSP00000234310,9606.ENSP00000275493,514
9606.ENSP00000234313,9606.ENSP00000275493,447
9606.ENSP00000234313,9606.ENSP00000354558,604
9606.ENSP00000234313,9606.ENSP00000302486,316
9606.ENSP00000234313,9606.ENSP00000477713,436
9606.ENSP00000234313,9606.ENSP00000346671,428
9606.ENSP00000234313,9606.ENSP00000361423,357
9606.ENSP00000234313,9606.ENSP00000428924,692
9606.ENSP00000234313,9606.ENSP00000269571,379
9606.ENSP00000234313,9606.ENSP00000371067,372
9606.ENSP00000234313,9606.ENSP00000483570,929
9606.ENSP00000234313,9606.ENSP00000419260,776
9606.ENSP00000234313,9606.ENSP00000263967,587
9606.ENSP00000234313,9606.ENSP00000362680,877
9606.ENSP00000234347,9606.ENSP00000432511,317
9606.ENSP00000234347,9606.ENSP00000361423,380
9606.ENSP00000234371,9606.ENSP00000393312,756
9606.ENSP00000234371,9606.ENSP00000263967,900
9606.ENSP00000234371,9606.ENSP00000483570,499
9606.ENSP00000234396,9606.ENSP00000275493,670
9606.ENSP00000234396,9606.ENSP00000354558,524
9606.ENSP00000234420,9606.ENSP00000288135,390
9606.ENSP00000234420,9606.ENSP00000269571,579
9606.ENSP00000234420,9606.ENSP00000257290,377
9606.ENSP00000234420,9606.ENSP00000361423,387
9606.ENSP00000234420,9606.ENSP00000302486,629
9606.ENSP00000234420,9606.ENSP00000354558,362
9606.ENSP00000234420,9606.ENSP00000275493,573
9606.ENSP00000234420,9606.ENSP00000373700,450
9606.ENSP00000234420,9606.ENSP00000263967,631
9606.ENSP00000234420,9606.ENSP00000393312,311
9606.ENSP00000234420,9606.ENSP00000371067,300
9606.ENSP00000234488,9606.ENSP00000262948,499
9606.ENSP00000234488,9606.ENSP00000362680,516
9606.ENSP00000234488,9606.ENSP00000371067,400
9606.ENSP00000234488,9606.ENSP00000302486,513
9606.ENSP00000234816,9606.ENSP00000282397,467
9606.ENSP00000234831,9606.ENSP00000477713,439
9606.ENSP00000234961,9606.ENSP00000362680,531
9606.ENSP00000235310,9606.ENSP00000302486,426
9606.ENSP00000235372,9606.ENSP00000362680,342
9606.ENSP00000235382,9606.ENSP00000275493,473
9606.ENSP00000236671,9606.ENSP00000269571,509
9606.ENSP00000236671,9606.ENSP00000354558,459
9606.ENSP00000236671,9606.ENSP00000275493,468
9606.ENSP00000236671,9606.ENSP00000362680,320
9606.ENSP00000236850,9606.ENSP00000371067,571
9606.ENSP00000236850,9606.ENSP00000275493,477
9606.ENSP00000236850,9606.ENSP00000477713,407
9606.ENSP00000236850,9606.ENSP00000288135,356
9606.ENSP00000236959,9606.ENSP00000373700,932
9606.ENSP00000236959,9606.ENSP00000269571,323
9606.ENSP00000236959,9606.ENSP00000275493,341
9606.ENSP00000237014,9606.ENSP00000275493,620
9606.ENSP00000237380,9606.ENSP00000477713,494
9606.ENSP00000237380,9606.ENSP00000346671,453
9606.ENSP00000237380,9606.ENSP00000362680,563
9606.ENSP00000237536,9606.ENSP00000282397,363
9606.ENSP00000237596,9606.ENSP00000275493,510
9606.ENSP00000237596,9606.ENSP00000354558,351
9606.ENSP00000237642,9606.ENSP00000263967,400
9606.ENSP00000237837,9606.ENSP00000263923,763
9606.ENSP00000237837,9606.ENSP00000261799,743
9606.ENSP00000237837,9606.ENSP00000317272,687
9606.ENSP00000237837,9606.ENSP00000393312,999
9606.ENSP00000237837,9606.ENSP00000263967,440
9606.ENSP00000237837,9606.ENSP00000257290,783
9606.ENSP00000237837,9606.ENSP00000269571,696
9606.ENSP00000237837,9606.ENSP00000288135,744
9606.ENSP00000237837,9606.ENSP00000261937,755
9606.ENSP00000237837,9606.ENSP00000275493,805
9606.ENSP00000237837,9606.ENSP00000282397,766
9606.ENSP00000238682,9606.ENSP00000275493,404
9606.ENSP00000238682,9606.ENSP00000282397,553
9606.ENSP00000238682,9606.ENSP00000257290,420
9606.ENSP00000238682,9606.ENSP00000269571,340
9606.ENSP00000238682,9606.ENSP00000288135,323
9606.ENSP00000238682,9606.ENSP00000261937,336
9606.ENSP00000238682,9606.ENSP00000371067,310
9606.ENSP00000238682,9606.ENSP00000317272,331
9606.ENSP00000238682,9606.ENSP00000393312,592
9606.ENSP00000238682,9606.ENSP00000362680,408
9606.ENSP00000238682,9606.ENSP00000263923,404
9606.ENSP00000238682,9606.ENSP00000373700,572
9606.ENSP00000238682,9606.ENSP00000261799,515
9606.ENSP00000238738,9606.ENSP00000317272,327
9606.ENSP00000238738,9606.ENSP00000362680,362
9606.ENSP00000238738,9606.ENSP00000354558,360
9606.ENSP00000238738,9606.ENSP00000275493,341
9606.ENSP00000238738,9606.ENSP00000428924,345
9606.ENSP00000238994,9606.ENSP00000275493,459
9606.ENSP00000239151,9606.ENSP00000428924,498
9606.ENSP00000239165,9606.ENSP00000275493,304
9606.ENSP00000239165,9606.ENSP00000269571,330
9606.ENSP00000239223,9606.ENSP00000269571,350
9606.ENSP00000239223,9606.ENSP00000499900,323
9606.ENSP00000239223,9606.ENSP00000354558,301
9606.ENSP00000239223,9606.ENSP00000275493,668
9606.ENSP00000239223,9606.ENSP00000302486,699
9606.ENSP00000239223,9606.ENSP00000362680,453
9606.ENSP00000239223,9606.ENSP00000371067,336
9606.ENSP00000239243,9606.ENSP00000393312,681
9606.ENSP00000239347,9606.ENSP00000371067,821
9606.ENSP00000239347,9606.ENSP00000275493,770
9606.ENSP00000239347,9606.ENSP00000354558,480
9606.ENSP00000239347,9606.ENSP00000282397,522
9606.ENSP00000239347,9606.ENSP00000361423,635
9606.ENSP00000239347,9606.ENSP00000499900,779
9606.ENSP00000239347,9606.ENSP00000257290,782
9606.ENSP00000239347,9606.ENSP00000269571,307
9606.ENSP00000239347,9606.ENSP00000263923,551
9606.ENSP00000239347,9606.ENSP00000432511,709
9606.ENSP00000239347,9606.ENSP00000288135,484
9606.ENSP00000239347,9606.ENSP00000261799,773
9606.ENSP00000239347,9606.ENSP00000261937,499
9606.ENSP00000239461,9606.ENSP00000257290,611
9606.ENSP00000239461,9606.ENSP00000261799,496
9606.ENSP00000239690,9606.ENSP00000231948,619
9606.ENSP00000239938,9606.ENSP00000231948,375
9606.ENSP00000239938,9606.ENSP00000317272,537
9606.ENSP00000239938,9606.ENSP00000371067,373
9606.ENSP00000239938,9606.ENSP00000393312,481
9606.ENSP00000239938,9606.ENSP00000263967,435
9606.ENSP00000239938,9606.ENSP00000261799,583
9606.ENSP00000239938,9606.ENSP00000263923,377
9606.ENSP00000239938,9606.ENSP00000362680,465
9606.ENSP00000239938,9606.ENSP00000282397,354
9606.ENSP00000239938,9606.ENSP00000354558,450
9606.ENSP00000239938,9606.ENSP00000275493,687
9606.ENSP00000239938,9606.ENSP00000302486,481
9606.ENSP00000239938,9606.ENSP00000269571,427
9606.ENSP00000239938,9606.ENSP00000257290,540
9606.ENSP00000239938,9606.ENSP00000361423,369
9606.ENSP00000239938,9606.ENSP00000288135,369
9606.ENSP00000240055,9606.ENSP00000257290,381
9606.ENSP00000240055,9606.ENSP00000261799,427
9606.ENSP00000240100,9606.ENSP00000269571,340
9606.ENSP00000240100,9606.ENSP00000302486,513
9606.ENSP00000240100,9606.ENSP00000275493,397
9606.ENSP00000240100,9606.ENSP00000262948,598
9606.ENSP00000240100,9606.ENSP00000263967,327
9606.ENSP00000240123,9606.ENSP00000275493,398
9606.ENSP00000240123,9606.ENSP00000361423,631
9606.ENSP00000240185,9606.ENSP00000354558,355
9606.ENSP00000240185,9606.ENSP00000288135,323
9606.ENSP00000240587,9606.ENSP00000261799,322
9606.ENSP00000240615,9606.ENSP00000362680,499
9606.ENSP00000240618,9606.ENSP00000346671,680
9606.ENSP00000240618,9606.ENSP00000477713,806
9606.ENSP00000240618,9606.ENSP00000275493,471
9606.ENSP00000240618,9606.ENSP00000288135,417
9606.ENSP00000240618,9606.ENSP00000432511,411
9606.ENSP00000240618,9606.ENSP00000269571,782
9606.ENSP00000240618,9606.ENSP00000361423,304
9606.ENSP00000240618,9606.ENSP00000499900,386
9606.ENSP00000240618,9606.ENSP00000263967,576
9606.ENSP00000240618,9606.ENSP00000317272,507
9606.ENSP00000240618,9606.ENSP00000371067,573
9606.ENSP00000240618,9606.ENSP00000483570,613
9606.ENSP00000240618,9606.ENSP00000362680,546
9606.ENSP00000240619,9606.ENSP00000362680,499
9606.ENSP00000240652,9606.ENSP00000362680,554
9606.ENSP00000240687,9606.ENSP00000362680,499
9606.ENSP00000240691,9606.ENSP00000362680,499
9606.ENSP00000240851,9606.ENSP00000373700,832
9606.ENSP00000240874,9606.ENSP00000346671,468
9606.ENSP00000240874,9606.ENSP00000362680,307
9606.ENSP00000241014,9606.ENSP00000269571,439
9606.ENSP00000241014,9606.ENSP00000362680,578
9606.ENSP00000241014,9606.ENSP00000275493,771
9606.ENSP00000241052,9606.ENSP00000361423,303
9606.ENSP00000241256,9606.ENSP00000483570,499
9606.ENSP00000241256,9606.ENSP00000362680,411
9606.ENSP00000241261,9606.ENSP00000362680,351
9606.ENSP00000241261,9606.ENSP00000269571,401
9606.ENSP00000241261,9606.ENSP00000302486,434
9606.ENSP00000241261,9606.ENSP00000371067,371
9606.ENSP00000241261,9606.ENSP00000275493,446
9606.ENSP00000241261,9606.ENSP00000354558,370
9606.ENSP00000241356,9606.ENSP00000362680,555
9606.ENSP00000241416,9606.ENSP00000263967,413
9606.ENSP00000241416,9606.ENSP00000373700,839
9606.ENSP00000241416,9606.ENSP00000257290,506
9606.ENSP00000241453,9606.ENSP00000263967,958
9606.ENSP00000241453,9606.ENSP00000419260,408
9606.ENSP00000241453,9606.ENSP00000371067,426
9606.ENSP00000241453,9606.ENSP00000317272,506
9606.ENSP00000241453,9606.ENSP00000373700,303
9606.ENSP00000241453,9606.ENSP00000261799,312
9606.ENSP00000241453,9606.ENSP00000362680,649
9606.ENSP00000241453,9606.ENSP00000477713,762
9606.ENSP00000241453,9606.ENSP00000275493,591
9606.ENSP00000241453,9606.ENSP00000354558,479
9606.ENSP00000241453,9606.ENSP00000282397,519
9606.ENSP00000241453,9606.ENSP00000346671,570
9606.ENSP00000241453,9606.ENSP00000432511,342
9606.ENSP00000241453,9606.ENSP00000288135,342
9606.ENSP00000241453,9606.ENSP00000361423,495
9606.ENSP00000241453,9606.ENSP00000499900,313
9606.ENSP00000241453,9606.ENSP00000428924,439
9606.ENSP00000241453,9606.ENSP00000257290,454
9606.ENSP00000241453,9606.ENSP00000269571,735
9606.ENSP00000241463,9606.ENSP00000317272,316
9606.ENSP00000241651,9606.ENSP00000263923,309
9606.ENSP00000241651,9606.ENSP00000373700,396
9606.ENSP00000241651,9606.ENSP00000317272,448
9606.ENSP00000241651,9606.ENSP00000288135,493
9606.ENSP00000241651,9606.ENSP00000257290,469
9606.ENSP00000241651,9606.ENSP00000354558,449
9606.ENSP00000242140,9606.ENSP00000483570,435
9606.ENSP00000242159,9606.ENSP00000275493,564
9606.ENSP00000242208,9606.ENSP00000257290,303
9606.ENSP00000242249,9606.ENSP00000362680,517
9606.ENSP00000242261,9606.ENSP00000354558,311
9606.ENSP00000242261,9606.ENSP00000282397,373
9606.ENSP00000242261,9606.ENSP00000275493,592
9606.ENSP00000242261,9606.ENSP00000288135,604
9606.ENSP00000242261,9606.ENSP00000269571,571
9606.ENSP00000242261,9606.ENSP00000257290,483
9606.ENSP00000242261,9606.ENSP00000393312,853
9606.ENSP00000242261,9606.ENSP00000263967,354
9606.ENSP00000242261,9606.ENSP00000317272,419
9606.ENSP00000242261,9606.ENSP00000371067,379
9606.ENSP00000242261,9606.ENSP00000261799,456
9606.ENSP00000242261,9606.ENSP00000263923,429
9606.ENSP00000242261,9606.ENSP00000362680,506
9606.ENSP00000242285,9606.ENSP00000350896,513
9606.ENSP00000242285,9606.ENSP00000275493,620
9606.ENSP00000242351,9606.ENSP00000371067,464
9606.ENSP00000242351,9606.ENSP00000362680,531
9606.ENSP00000242351,9606.ENSP00000262948,504
9606.ENSP00000242351,9606.ENSP00000302486,501
